hey what time are we meeting?,0
You are such a complete idiot,1
did you see the file I sent?,0
shut up nobody cares what you think,1
lol that was actually pretty funny,0
I hope you fail your exams loser,1
are we still on for dinner tonight?,0
fuck off and leave me alone,1
Can someone help me with this bug?,0
stop spamming the chat you moron,1
nice work on the presentation today,0
you're barely useless to this team,1
I'll be there in 5 minutes,0
why are you so dumb?,1
Happy birthday! Hope you have a great one,0
this group chat is annoying as hell,1
Is anyone else having internet issues?,0
you look ugly in that picture,1
Let's play another round,0
trash player uninstall the game,1
Thanks for the help earlier,0
what the hell is wrong with you?,1
I forgot my keys again,0
Get out of here nobody wants you,1
Does this look okay to you?,0
you are a waste of space,1
sounds good to me,0
don't ever talk to me again weirdo,1
Can you send the link?,0
pathetic behavior honestly,1
u online?,0
kys,1
can u send me the link pls,0
stfu noob,1
lol that was funny,0
ur literally trash at this game,1
brb grabbing food,0
delete your account,1
gg wp,0
nobody likes u,1
what time is the meeting?,0
u are cancer,1
did u see that movie?,0
get a life loser,1
omg i cant believe it,0
clown behavior,1
anyone want to play?,0
shut your mouth,1
hey hows it going,0
idiot,1
im so tired rn,0
kill yourself,1
nice shot!,0
u suck so bad,1
wait for me,0
ratio + L,1
check dms,0
cry more,1
whats up?,0
go die,1
sending it now,0
brain dead teammates,1
haha same,0
fucking useless,1
gotta go bye,0
eat dirt,1
yo,0
dumbass,1
thanks bro,0
filthy animal,1
no worries,0
i hope you fail,1
can we talk?,0
pathetic,1
sounds good,0
stop breathing,1
cool profile pic,0
ugly af,1
where are u from?,0
burn in hell,1
just chilling,0
toxic trash,1
help me with this,0
waste of oxygen,1
ready?,0
retard,1
lets gooo,0
fat pig,1
good morning,0
scum of the earth,1
gn,0
drink bleach,1
happy bday!,0
gross,1
nice try,0
jump off a bridge,1
im back,0
stupid bitch,1
wanna vc?,0
die in a fire,1
sorry my wifi is bad,0
shut the fuck up,1
what are u doing?,0
hate you,1
almost done,0
worthless piece of shit,1
np,0
moron,1
ok,0
incel,1
sure thing,0
creep,1
maybe later,0
kill urself,1
watching netflix,0
go to hell,1
thats crazy,0
absolute failure,1
missed you,0
degenerate,1
love this song,0
disgusting freak,1
how was ur day,0
your mom hates you,1
so bored,0
eat shit,1
inv me,0
fuck you,1
gtg,0
loser,1
gg no re,0
uninstall pls,1
mid diff huge,1
can i get a drop?,0
literally dog water,1
stop feeding,1
based take,0
cringe compilation,1
any healers?,0
brain rot,1
sheeeesh,0
touch grass,1
afk for a sec,0
u throwing?,1
gl hf,0
hard stuck silver,1
mic check,0
absolute garbage,1
let him cook,0
skill issue,1
ez clap,1
wanna duo?,0
go cry to ur mom,1
nt nt,0
reported enjoy ban,1
lagging bad sry,0
you have 0 iq,1
nice skin,0
fatherless behavior,1
brb door,0
kid is lost,1
wp team,0
boosted animal,1
need ammo,0
kys immediately,1
lol,0
stfu random,1
clip that,0
ur aim is cancer,1
ready up,0
actual npc,1
wait for zone,0
youre so free,1
mb my bad,0
zip it lil bro,1
rush B,0
delusional,1
nice try though,0
hop off,1
reset reset,0
dogshit player,1
ty for carry,0
get wrecked,1
im lagging,0
zero impact,1
ggs,0
diff is crazy,1
drop money pls,0
subhuman trash,1
follow me,0
baiting teammates,1
nice clutch,0
choke artist,1
discord link?,0
ur mic is terrible,1
calm down,0
hey are you online,0
stfu nobody asked,1
can you send the link,0
you are absolute trash,1
brb going to store,0
kill yourself loser,1
lol that was funny,0
delete the game noob,1
gg wp nice game,0
hope you die,1
what time is it,0
useless teammate,1
did you see that,0
dumbass,1
wait for me please,0
go eat dirt,1
nice shot man,0
shut your mouth,1
anyone want to play,0
you suck so bad,1
im lagging sorry,0
brain dead player,1
thanks for the help,0
pathetic worm,1
good morning everyone,0
get out of here,1
how are you doing,0
you look ugly,1
ready to start,0
moron,1
just chilling here,0
waste of space,1
sounds good to me,0
fat pig,1
check your dms,0
drink bleach,1
happy birthday bro,0
cancer patient,1
nice profile pic,0
kill urself,1
im so tired rn,0
retard,1
wanna voice chat,0
scum of the earth,1
maybe later,0
dirty animal,1
gotta go bye,0
jump off a bridge,1
thats crazy lol,0
worthless piece of shit,1
missed you guys,0
burn in hell,1
love this song,0
disgusting freak,1
how was your day,0
your mom hates you,1
im bored as hell,0
eat shit,1
invite me pls,0
fuck you,1
good night all,0
loser behavior,1
see you tomorrow,0
stupid bitch,1
almost done here,0
choke on glass,1
no problem man,0
go to hell,1
sure thing,0
creep,1
watching a movie,0
incel,1
where are you from,0
stop breathing,1
cool thanks,0
degenerate,1
wait a sec,0
toxic trash,1
helping my dad,0
shut the fuck up,1
whats up,0
hate you,1
sending now,0
filthy dog,1
haha same here,0
die in a fire,1
yo whats good,0
absolute failure,1
thanks bro,0
ugly af,1
no worries,0
hopeless case,1
can we talk,0
neck yourself,1
sounds fun,0
garbage human,1
im back now,0
cry more,1
lets go team,0
get a life,1
need healing,0
you have 0 iq,1
follow me,0
ratio + L,1
nice try,0
clown,1
sorry my bad,0
dogshit aim,1
ggs only,0
uninstall life,1
mid diff huge,1
can i get a drop,0
literally dog water,1
stop feeding,1
based take,0
cringe compilation,1
any healers,0
brain rot,1
sheeeesh,0
touch grass,1
afk for a sec,0
u throwing,1
gl hf,0
hard stuck silver,1
mic check,0
absolute garbage,1
let him cook,0
skill issue,1
ez clap,1
wanna duo,0
go cry to ur mom,1
nt nt,0
reported enjoy ban,1
lagging bad sry,0
youre so free,1
nice skin,0
fatherless behavior,1
brb door,0
kid is lost,1
wp team,0
boosted animal,1
need ammo,0
kys immediately,1
lol,0
stfu random,1
clip that,0
ur aim is cancer,1
ready up,0
actual npc,1
wait for zone,0
zipper your mouth,1
mb my bad,0
zip it lil bro,1
rush B,0
delusional,1
nice try though,0
hop off,1
reset reset,0
dogshit player,1
ty for carry,0
get wrecked,1
im lagging,0
zero impact,1
ggs,0
diff is crazy,1
drop money pls,0
subhuman trash,1
nice clutch,0
baiting teammates,1
choke artist,1
discord link,0
ur mic is terrible,1
calm down,0
trash can,1
one sec,0
braindead,1
omg wow,0
uninstall,1
nice one,0
freak,1
hello,0
bastard,1
ok sure,0
die,1
coming now,0
idiot sandwich,1
thank you,0
shut it,1
be right there,0
go away,1
what happened,0
youre annoying,1
lets win this,0
bad player,1
good luck,0
fucking idiot,1
im ready,0
nobody cares,1
cool,0
dumb,1
yep,0
suck it,1
waiting,0
trash,1
start now,0
useless,1
help me,0
get lost,1
nice,0
piss off,1
hello world,0
eat dirt,1
good job,0
stupid,1
on my way,0
go die,1
cheers,0
imbecile,1
got it,0
asshole,1
perfect,0
dickhead,1
no,0
shithead,1
yes,0
fuck off,1
maybe,0
bitch,1
please,0
cockroach,1
thanks,0
pig,1
hi,0
snake,1
ggs that was close,0
literally unplayable,1
jungle diff huge,1
can i get a res,0
you are actually brain dead,1
nice skin bro,0
ratio + bozo,1
delete the game,1
wanna run another,0
stop feeding please,1
my ping is so high,0
go touch grass,1
nice try guys,0
absolute clown,1
where are we dropping,0
you play like a bot,1
enemy missing mid,0
get a life,1
good luck have fun,0
hardstuck silver trash,1
need ammo badly,0
hope you lose,1
wait for team,0
garbage aim,1
nice ult,0
kill yourself,1
on my way,0
cringe behavior,1
thank you so much,0
pathetic loser,1
is discord working,0
zip it kid,1
lets group up,0
you have zero skill,1
nice clutch man,0
dog water player,1
be right back,0
your mom,1
how do i mute you,0
stop crying,1
need healing now,0
toxic waste,1
good job team,0
get wrecked,1
ready to go,0
you are so free,1
nice carry thanks,0
uninstall immediately,1
any mic,0
shut up idiot,1
lag spike sorry,0
useless support,1
push the payload,0
worst team ever,1
watch out behind,0
eat dirt,1
nice shot,0
dumbass,1
defend the point,0
go away creep,1
follow me,0
brain rot,1
swap heroes pls,0
noob team,1
coming to help,0
trash can,1
nice pass,0
youre bad,1
well played,0
get cancer,1
almost had him,0
freak,1
cover me,0
die in a fire,1
group up here,0
idiot sandwich,1
sorry my bad,0
stupid animal,1
wait for cooldowns,0
degenerate,1
nice save,0
filthy rat,1
need a weapon,0
drink bleach,1
lets win this,0
scum,1
gl hf,0
incel behavior,1
nice profile,0
ugly af,1
where is he,0
kill urself,1
good game,0
choke artist,1
nice one,0
you suck,1
help me,0
retard,1
stay together,0
fat pig,1
check map,0
worthless,1
nice comms,0
shut the hell up,1
enemy low hp,0
piss off,1
taking objective,0
dickhead,1
need backup,0
asshole,1
got him,0
waste of oxygen,1
nice try,0
kill me irl,1
loading in,0
kys,1
joining party,0
dumb bitch,1
sounds good,0
moron,1
wait a sec,0
hate you,1
nice lead,0
shitter,1
im dead,0
subhuman,1
watch the flank,0
loser,1
pulling back,0
fuck off,1
nice teamwork,0
little baby,1
resetting,0
cry more,1
good round,0
hop off,1
buying items,0
disgusting,1
nice pick,0
mongrel,1
focus the healer,0
neck yourself,1
brb bathroom,0
soy boy,1
defending here,0
beta male,1
rotating now,0
smooth brain,1
nice damage,0
npc energy,1
holding angle,0
go play roblox,1
ultimate ready,0
aimbot hacker,1
using kit,0
report this guy,1
nice defense,0
enjoy the ban,1
pushing now,0
mid gap,1
enemy down,0
ez clap,1
healing you,0
sit down dog,1
reloading,0
get carried,1
planting bomb,0
boosted animal,1
defusing now,0
zero iq,1
nice play,0
rent free in ur head,1
enemy spotted,0
mad cuz bad,1
looting now,0
youre throwing,1
nice loot,0
griefing scum,1
reviving you,0
stay mad,1
checking corners,0
cope harder,1
clear here,0
seethe,1
setting trap,0
fatherless,1
opening crate,0
maidens,1
using potion,0
skill issue,1
full health,0
git gud,1
shield up,0
trash talker,1
breaking shield,0
salty kid,1
nice movement,0
sweaty tryhard,1
taking high ground,0
go outside,1
dropping items,0
basement dweller,1
nice strategy,0
mental illness,1
play safe,0
braindead,1
retreating,0
clown fiesta,1
nice visuals,0
garbage tutorial,1
game is fun,0
dead game,1
good update,0
lazy devs,1
servers are up,0
fix your wifi,1
party full,0
kick him,1
friend request sent,0
nobody wants you,1
inviting you,0
leech,1
game starting,0
parasite,1
round start,0
vermin,1
match found,0
cockroach,1
lobby is open,0
walking trash,1
joining server,0
stfu,1ggs that was close,0
literally unplayable,1
jungle diff huge,1
can i get a res,0
you are actually brain dead,1
nice skin bro,0
ratio + bozo,1
delete the game,1
wanna run another,0
stop feeding please,1
my ping is so high,0
go touch grass,1
nice try guys,0
absolute clown,1
where are we dropping,0
you play like a bot,1
enemy missing mid,0
get a life,1
good luck have fun,0
hardstuck silver trash,1
need ammo badly,0
hope you lose,1
wait for team,0
garbage aim,1
nice ult,0
kill yourself,1
on my way,0
cringe behavior,1
thank you so much,0
pathetic loser,1
is discord working,0
zip it kid,1
lets group up,0
you have zero skill,1
nice clutch man,0
dog water player,1
be right back,0
your mom,1
how do i mute you,0
stop crying,1
need healing now,0
toxic waste,1
good job team,0
get wrecked,1
ready to go,0
you are so free,1
nice carry thanks,0
uninstall immediately,1
any mic,0
shut up idiot,1
lag spike sorry,0
useless support,1
push the payload,0
worst team ever,1
watch out behind,0
eat dirt,1
nice shot,0
dumbass,1
defend the point,0
go away creep,1
follow me,0
brain rot,1
swap heroes pls,0
noob team,1
coming to help,0
trash can,1
nice pass,0
youre bad,1
well played,0
get cancer,1
almost had him,0
freak,1
cover me,0
die in a fire,1
group up here,0
idiot sandwich,1
sorry my bad,0
stupid animal,1
wait for cooldowns,0
degenerate,1
nice save,0
filthy rat,1
need a weapon,0
drink bleach,1
lets win this,0
scum,1
gl hf,0
incel behavior,1
nice profile,0
ugly af,1
where is he,0
kill urself,1
good game,0
choke artist,1
nice one,0
you suck,1
help me,0
retard,1
stay together,0
fat pig,1
check map,0
worthless,1
nice comms,0
shut the hell up,1
enemy low hp,0
piss off,1
taking objective,0
dickhead,1
need backup,0
asshole,1
got him,0
waste of oxygen,1
nice try,0
kill me irl,1
loading in,0
kys,1
joining party,0
dumb bitch,1
sounds good,0
moron,1
wait a sec,0
hate you,1
nice lead,0
shitter,1
im dead,0
subhuman,1
watch the flank,0
loser,1
pulling back,0
fuck off,1
nice teamwork,0
little baby,1
resetting,0
cry more,1
good round,0
hop off,1
buying items,0
disgusting,1
nice pick,0
mongrel,1
focus the healer,0
neck yourself,1
brb bathroom,0
soy boy,1
defending here,0
beta male,1
rotating now,0
smooth brain,1
nice damage,0
npc energy,1
holding angle,0
go play roblox,1
ultimate ready,0
aimbot hacker,1
using kit,0
report this guy,1
nice defense,0
enjoy the ban,1
pushing now,0
mid gap,1
enemy down,0
ez clap,1
healing you,0
sit down dog,1
reloading,0
get carried,1
planting bomb,0
boosted animal,1
defusing now,0
zero iq,1
nice play,0
rent free in ur head,1
enemy spotted,0
mad cuz bad,1
looting now,0
youre throwing,1
nice loot,0
griefing scum,1
reviving you,0
stay mad,1
checking corners,0
cope harder,1
clear here,0
seethe,1
setting trap,0
fatherless,1
opening crate,0
maidens,1
using potion,0
skill issue,1
full health,0
git gud,1
shield up,0
trash talker,1
breaking shield,0
salty kid,1
nice movement,0
sweaty tryhard,1
taking high ground,0
go outside,1
dropping items,0
basement dweller,1
nice strategy,0
mental illness,1
play safe,0
braindead,1
retreating,0
clown fiesta,1
nice visuals,0
garbage tutorial,1
game is fun,0
dead game,1
good update,0
lazy devs,1
servers are up,0
fix your wifi,1
party full,0
kick him,1
friend request sent,0
nobody wants you,1
inviting you,0
leech,1
game starting,0
parasite,1
round start,0
vermin,1
match found,0
cockroach,1
lobby is open,0
walking trash,1
joining server,0
stfu,1
your hairline is receding faster than my wifi,1
nice forehead can i land a plane on it,1
bro is built like a melted candle,1
imagine looking like that unironically,1
who asked you plus ratio,1
stay mad bozo,1
nice opinion did you get it from the trash,1
did your parents drop you as a baby,1
you look like a randomized sim,1
garbage tier human,1
why are you still talking,1
go apologize to the trees for wasting oxygen,1
bros iq is room temperature,1
you define the word disappointment,1
funny joke did you google it,0
cant believe you actually said that,0
thats a violation personally i wouldnt take that,0
emotional damage,0
best jenga player since 2001,1
here comes the airplane open wide,1
jet fuel cant melt steel beams,1
rating your flying skills 9 out of 11,1
happy tower day,1
knock knock who is there pilot,1
bush did it,1
too soon for that joke,0
man that is dark,0
building a tower in minecraft,0
watch out for low flying planes,1
nyc looks great today,0
never forget,0
boom goes the dynamite,1
back to the fields,1
get back to work property,1
master is calling you,1
chains look good on you,1
know your place trash,1
cotton prices are up,1
shut up and farm,1
do as you are told slave,1
whip crack sound effect,1
rights revoked,1
stop acting free,1
who let you inside the house,1
go pick something for me,1
thats actually racist dude,0
not funny didnt laugh,0
you crossed the line there,0
reported for hate speech,1
historical memes are funny,0
learning about history in class,0
lincoln would be disappointed,1
shut up dishwasher,1
go make me a sandwich,1
women belong in the kitchen,1
are you on your period,1
stop being emotional,1
females cant drive,1
nice cooking where is my food,1
iron my shirt woman,1
silent generation was better,1
ok boomer,1
snowflake generation,1
participation trophy wife,1
fatherless behavior detected,1
did your dad leave to get milk,1
orphan tears,1
go cry to your mommy oh wait,1
adoption center called they want you back,1
family discount at the orphanage,1
batman has no parents just like you,1
your family tree is a circle,1
sweet home alabama,1
inbred trash,1
you look like your sister is your mom,1
roll tide,1
cousin kisser,1
funny meme can i save it,0
sending this to the group chat,0
thats suspicious,0
caught in 4k,0
down bad caught on camera,0
go to horny jail,0
simp detected,1
beta male energy,1
alpha males only,1
sigma grindset ignore women,1
roblox girlfriend behavior,1
discord kitten,1
please be my kitten,1
groomer alert,1
call the police,0
age is just a number,1
jail time for you,0
fbi open up,0
thats illegal,0
minor detected opinion rejected,1
shut up kid go do homework,1
fortnite kid,1
ipad kid,1
screaming toddler,1
you sound like a squeaker,1
mute your mic please,0
ears are bleeding from your voice,1
buy a new mic broke boy,1
smells like broke in here,1
imagine being poor,1
get your money up not your funny up,1
bro is driving a civic,1
mcdonalds worker activity,1
wage cuck,1
 wagie get in cagie,1
minimum wage maximum rage,1
enjoy staying poor,1
hustle culture is toxic,0
working 9 to 5,0
got a promotion today,0
boss is annoying,0
quit my job,0
homeless people just buy a house,1
starving kids just eat,1
thanks for the advice idiot,1
world hunger solved,1
clean your room,0
mom said its my turn,0
xbox vs playstation war,0
console peasant,1
pc master race,1
mobile gamer lol,1
clash royale player,0
nerf miner,0
hog rider cycle,0
skill issue cope harder,1
mad cause bad,1
get good scrub,1
ez win ez life,1
tutorial mode was too hard for you,1
uninstall life please,1
drinking bleach challenge,1
tide pod challenge,1
toaster bath time,1
commit sudoku,1
sewer slide,1
keep yourself safe meaning kill yourself,1
minecraft yourself,1
fall off a cliff,1
touch grass loser,1
go outside for once,1
sunlight burns you doesnt it,1
neckbeard energy,1
fedora tipper,1
nice guy finish last,0
friendzoned again,0
she doesnt like you bro,0
incel rage,1
school shooter vibes,1
quiet kid reaching for his bag,1
don't come to school tomorrow,1
pumped up kicks playing,1
all the other kids,0
run better run,0
bulletproof vest needed,1
thats not something to joke about,0
police are on the way,0
swatted,1
doxing you right now,1
i have your ip address,1
posting your address,1
check your mailbox,1
pipe bomb in your mail,1
anthrax surprise,1
say goodbye to your account,1
hacked by me,1
my dad works at microsoft,1
you will be banned soon,1
enjoy the vac ban,1
cheater detected,0
aimbot enabled,1
wallhacks on,1
spinbot go brr,1
spin me right round,0
lag switch,1
ddos attack incoming,1
turning off your wifi,1
packet loss is high,0
server is down,0
maintenance break,0
game update is live,0
patch notes are out,0
buff this character,0
nerf this character,0
devs are lazy,1
indie company,0
triple a trash,1
refund this game,1
waste of money,1
scam alert,0
dont click that link,0
grabify link,1
rick roll,0
never gonna give you up,0
trolled hard,0
we do a little trolling,1
problem officer,1
am i detained,0
sovereign citizen,0
f the police,1
acab,1
bootlicker,1
back the blue,0
political debate start,0
orange man bad,1
sleepy joe,1
lets go brandon,1
fake news,1
cnn propaganda,1
fox news lies,1
sheeple wake up,1
earth is flat,1
nasa lies,1
moon landing fake,1
birds arent real,1
lizard people rule the world,1
illuminati confirmed,0
new world order,1
globalist scum,1
tin foil hat time,0
conspiracy theorist,0
alex jones was right,1
gay frogs,1
soyjak face,1
wojak meme,0
pepe the frog,0
kekw,0
poggers,0
weirdchamp,0
monkas,0
omegalul,0
twitch chat is toxic,0
mod check,0
ban him mod,1
timeout for 60 seconds,0
spam in chat,1
copypasta,0
ascii art,0
uwu,0
owo whats this,0
rawr xd,0
emo phase,0
cut my life into pieces,0
this is my last resort,0
crawling in my skin,0
edgelord detected,1
2edgy4me,0
tryhard,1
sweater,0
sweaty palms,0
mom spaghetti,0
knees weak,0
arms heavy,0
vomit on his sweater,0
eminem rap god,0
mumble rap trash,1
auto tune garbage,1
music was better before,0
born in the wrong generation,0
boomer music,0
zoomer humor,0
brain rot content,1
tiktok brain,1
skibidi toilet,1
fanum tax,1
gyatt,1
rizzler,1
ohio vibes,1
only in ohio,1
grimace shake,1
among us imposter,0
sus,0
vented,0
emergency meeting,0
sussy baka,1
bro 5 11,0
this nigga broke,1
nigga drink milk before dead,1
nigga,1
hitler is sigma,1
your family tree is a wreath,1
stop typing you are embarrassing yourself,1
average redditor appearance,1
go back to discord modding,1
smells like sweaty gamer in here,1
touch a woman for once,1
virgin behavior detected,1
stay mad kid,1
rent free,1
obsessed with me much,1
fan behavior,1
keep crying,1
did i ask,1
who asked,1
opinion discarded,1
L plus ratio,1
common tate W,1
top G mindset,1
women ☕,1
make me a sandwich,1
go wash the dishes,1
emotional damage,0
very funny bro,0
hilarious joke,0
bro thinks he is the main character,1
npc activity,1
glitch in the matrix,0
simulation is breaking,0
wake up,0
you are sleeping,0
gangstalking is real,1
feds are watching,1
glowie detected,1
nice try fed,1
silence liberal,1
ok groomer,1
ok boomer,1
shut up zoomer,1
ipad generation brain rot,1
skibidi toilet syndrome,1
gyatt level 0,1
negative rizz,1
unspoken rizz,0
W rizz,0
bombastic side eye,0
criminal offensive side eye,0
lightskin stare,0
sin city wasn't made for you,0
zesty ahh walk,1
fruity behavior,1
that is sus,1
caught in 4k ultra hd,0
screenshotting this,0
you are finished,1
career ended,1
cancelled,1
twitter mob coming for you,1
doxed successfully,1
ip grabber link,1
dont click that,0
virus detected,0
trojan horse installed,1
system 32 delete,1
alt f4 for free robux,1
free skins link,1
scammer get lost,1
reported for fraud,1
enjoy prison,1
fbi is knocking,0
swat team inbound,1
bomb threat sent,1
calling the cops,0
police brutality,1
i cant breathe joke,1
george floyd meme,1
dark humor is my passion,1
too offensive,0
cancel culture strikes again,0
freedom of speech,0
hate speech is not free speech,0
facts dont care about your feelings,1
snowflake melted,1
safe space needed,1
triggered much,1
cry about it,1
cope and seethe,1
seething hard,1
mald more,1
balding at 20,1
hairline receding to the backrooms,1
fivehead lookin ahh,1
megamind head,1
big brain time,0
smooth brain activity,1
wrinkle free brain,1
room temperature iq,1
negative iq play,1
intelligence zero,1
smartest yasuo player,1
typical wraith main,1
healer diff,1
tank gap,1
dps is sleeping,1
where is the damage,1
look at the scoreboard,1
bottom frag talking,1
carried by team,1
backpack heavy,0
my back hurts from carrying,1
heavy lifting,0
gg ez no re,1
tutorial complete,1
bots,1
playing against ai,1
easy win,1
free elo,1
thanks for the points,1
rank check,1
hardstuck plastic rank,1
wood division,1
uninstall life,1
go commit lego step,1
step on a lego,1
hope your pillow is warm,1
hope you stub your toe,1
mildly annoying curse,0
may both sides of your pillow be warm,1
i hope your charger only works at an angle,1
pure evil,0
satan is a fan,0
demon time,1
black air force energy,1
menace to society,1
public enemy number one,1
wanted dead or alive,0
bounty on your head,0
hitman hired,1
watch your back,1
lock your doors,1
i live in your walls,1
paranoid much,0
schizo posting,1
take your meds,1
meds worn off,1
sanity is low,0
going insane,0
mental breakdown,0
therapy is expensive,0
trauma dump,0
nobody asked for your life story,1
tldr,0
too long didnt read,0
cool story bro,1
and then everyone clapped,1
that happened,1
fake story,1
clickbait title,0
youtube thumbnails be like,0
reaction video,0
content creator,0
streamer btw,0
ttv in name,1
twitch prime sub,0
tier 3 sub,1
simp detected,1
parasocial relationship,1
touch grass,1
go outside,1
vitamin d deficiency,1
pale as a ghost,0
vampire lookin,0
sunlight hurts,0
night owl,0
sleep schedule ruined,0
insomnia check,0
3am vibes,0
demon hours,0
cursed image,0
blessed image,0
wholesome moment,0
faith in humanity restored,0
faith in humanity lost,1
we live in a society,0
bottom text,0
memes are life,0
dank memes,0
normie detected,1
reeeee,1
pepe hands,0
monkaw,0
pog,0
kappa,0
trihard 7,1
cmonbruh,1
racist emote,1
based,0
red pilled,1
blue pilled,0
black pilled,1
doomer energy,1
bloomer energy,0
trad wife,1
modern women,1
passport bros,1
high value man,1
alpha male bootcamp,1
sigma rule 101,1
hustlers university,1
pyramid scheme,0
mlm boss babe,1
hey hun,0
essential oils,0
anti vax mom,1
flat earth society,1
nasa is fake,1
space is fake,1
moon is cheese,0
birds are drones,1
government lies,1
tinfoil hat on,0
conspiracy theory,0
truth seeker,0
wake up sheeple,1
herd mentality,1
hive mind,1
reddit moment,1
soy facing,1
neckbeard tipping,1
milady,1
tips fedora,0
friendzone level 99,1
nice guys finish last,0
incel tears,1
femcel rage,1
gender war,1
battle of the sexes,0
boys vs girls,0
cooties,0
childish behavior,1
grow up,1
act your age,1
man child,1
peter pan syndrome,1
mommys boy,1
daddys money,1
spoiled brat,1
silver spoon,1
trust fund baby,1
eat the rich,1
tax the poor,1
capitalism bad,0
communism good,0
political compass,0
libtard,1
conservatard,1
snowflake,1
bootlicker,1
acab,1
blue lives matter,0
all lives matter,1
political debate,0
no politics please,0
keep it friendly,0
chill vibes only,0
good vibes,0
bad vibes,1
toxic environment,1
leaving group,0
blocking you,0
mute and report,0
enjoy the ban,1
goodbye forever,0
rip bozo,1
packwatch,1
smoking that pack,1
opp pack,1
rest in piss,1
wont be missed,1
forgotten already,1
irrelevant,1
who are you again,1
stranger danger,0
dont talk to me,0
leave me alone,0
harassment,1
stalker alert,1
creepy dm,1
send nudes,1
bobs and vagene,1
show feet,1
down bad astronomical,1
horny jail bonk,0
bonk go to jail,0
uncultured swine,1
im ready to goon,1
good morning,0
hey how are you doing today,0
thanks for getting back to me,0
could you please confirm the details,0
i appreciate your help with this,0
let me know when you are free,0
that sounds good to me,0
i understand what you mean,0
can we talk for a minute,0
i will follow up tomorrow,0
please take your time,0
no worries at all,0
i agree with that point,0
thanks for clarifying,0
i like your suggestion,0
this is a helpful note,0
i will review it soon,0
please share the document,0
can you send the latest version,0
i will handle this task,0
we can improve this together,0
that explanation was clear,0
i appreciate your patience,0
please keep me updated,0
i am happy to assist,0
this plan looks solid,0
let us keep it simple,0
i will check and confirm,0
that is a fair concern,0
i see your perspective,0
thanks for the reminder,0
please double check the numbers,0
i will join the call,0
can we reschedule to next week,0
i am available this afternoon,0
this is moving in the right direction,0
i like how you organized this,0
thanks for taking care of it,0
please let me know your preference,0
i will send an update shortly,0
everything looks good so far,0
i appreciate the quick response,0
this is a reasonable request,0
thank you for your time,0
could you explain the steps,0
that makes sense now,0
i am glad we discussed this,0
let us make a checklist,0
i will share the meeting notes,0
thanks for your support,0
please provide more context,0
i understand the requirements,0
this is a good starting point,0
i will test it again,0
can you review my changes,0
thanks for pointing that out,0
i appreciate the feedback,0
this is easy to follow,0
let us confirm the deadline,0
i will update the file,0
please send the address,0
i will be there on time,0
thanks for the heads up,0
i like the final result,0
that is a thoughtful idea,0
i appreciate your honesty,0
let us keep the tone respectful,0
i am open to suggestions,0
this is a useful summary,0
i will ask the team,0
please give me a moment,0
i will get it done today,0
that solution seems practical,0
i appreciate the explanation,0
thanks for checking in,0
i will confirm after lunch,0
can you help me verify this,0
this is clear and concise,0
i respect your decision,0
thanks for sharing your thoughts,0
that is helpful information,0
i will take a look,0
please send a quick note,0
i will reply soon,0
this is a good question,0
i am glad you asked,0
thanks for your effort,0
this is a strong draft,0
let us refine it a bit,0
i will make the edits,0
please review the summary,0
i agree with the approach,0
that seems appropriate,0
i will keep you posted,0
this is a calm discussion,0
i appreciate the teamwork,0
we are making progress,0
thanks for the update today,0
i will check the logs,0
can you confirm the time zone,0
i will schedule the meeting,0
please share your availability,0
i appreciate the details,0
this is a helpful example,0
let us align on priorities,0
i will document the steps,0
thanks for the clarification,0
this looks accurate,0
i will verify the results,0
please confirm the final version,0
i appreciate the quick fix,0
this is well written,0
i am satisfied with this,0
thanks for being flexible,0
i will handle the next steps,0
please keep the changes minimal,0
i will summarize the action items,0
thank you for the follow up,0
i appreciate your careful work,0
this is consistent with our plan,0
i will share the final copy,0
please let me know if anything changes,0
i am ready when you are,0
i appreciate the clear communication,0
this is helpful for planning,0
thanks for reviewing it,0
i will submit it now,0
please confirm you received it,0
i appreciate your collaboration,0
this is a nice improvement,0
thanks for catching that,0
i will adjust the settings,0
please send the requirements,0
i will check back later,0
this explanation is clear,0
i appreciate your input,0
thanks for your kindness,0
we can solve this together,0
i will take care of it,0
please share your thoughts,0
i appreciate your perspective,0
thanks for being patient,0
this is a good outcome,0
i will follow the process,0
please provide the details,0
i appreciate your help today,0
thanks for the guidance,0
this is going smoothly,0
i will update you soon,0
please confirm the next steps,0
i appreciate the quick turnaround,0
thanks for the helpful note,0
this is the right direction,0
i will incorporate your feedback,0
please review and approve,0
i appreciate the support from the team,0
thanks for the clear instructions,0
this is easy to understand,0
i will send the final version shortly,0
please share the latest numbers,0
i appreciate your attention to detail,0
thanks for the thoughtful response,0
this is a productive conversation,0
i will keep the document updated,0
please let me know if you need anything,0
you are so stupid,1
you are an idiot,1
shut up already,1
you have no idea what you are doing,1
this is the dumbest thing i have seen,1
you are useless,1
what a loser,1
you are pathetic,1
stop talking nonsense,1
you are annoying,1
you are embarrassing,1
you sound clueless,1
your work is garbage,1
you are a complete failure,1
i cannot stand you,1
you are acting like a child,1
you are so lazy,1
you are incompetent,1
you are ridiculous,1
you always mess things up,1
you never learn,1
you are so rude,1
you are selfish,1
you are dishonest,1
you are a liar,1
you are so fake,1
you are disgusting,1
you are trash,1
you are a joke,1
you are such a fool,1
you are unbearable,1
nobody cares what you think,1
you are not worth my time,1
your opinion is worthless,1
you are totally ignorant,1
you are insufferable,1
you are so arrogant,1
you are so bitter,1
you are a bad teammate,1
you are a terrible friend,1
you are a nightmare to work with,1
you are hopeless,1
you are the worst,1
you are so obnoxious,1
you are a creep,1
you are gross,1
you are irritating,1
you are a mess,1
you are a disaster,1
you are impossible,1
you are manipulative,1
you are toxic,1
you are so immature,1
you are being nasty,1
you are being cruel,1
you are being mean,1
you are so negative,1
you are not smart,1
you are unbelievably dumb,1
you are a moron,1
you are brainless,1
you are clueless and lazy,1
you are rude and selfish,1
you are useless and annoying,1
you are lazy and incompetent,1
you are such an embarrassment,1
you are a complete idiot,1
you never do anything right,1
you ruin everything,1
you always complain,1
you are always whining,1
you are so dramatic,1
you are full of nonsense,1
you are full of lies,1
you are so full of yourself,1
you are nothing special,1
you are not welcome here,1
you do not belong here,1
you are a waste of time,1
you are a waste of space,1
you are so annoying i cannot focus,1
you make everyone miserable,1
you make things worse,1
you are impossible to talk to,1
you are impossible to please,1
you are so annoying right now,1
you are acting ridiculous,1
you are acting stupid,1
you are acting pathetic,1
you are so disrespectful,1
you have a terrible attitude,1
your attitude is disgusting,1
your message is trash,1
your ideas are terrible,1
your excuses are pathetic,1
you are so unreliable,1
you are so careless,1
you are so thoughtless,1
you are so inconsiderate,1
you are so unprofessional,1
you are so annoying to deal with,1
you are a burden,1
you are a problem,1
you are the problem,1
you are so frustrating,1
you are so irritating to hear,1
you are so annoying to read,1
you are talking garbage,1
you are talking nonsense,1
you are completely wrong and stupid,1
you are stubborn and clueless,1
you are arrogant and rude,1
you are rude for no reason,1
you are acting like a jerk,1
you are such a jerk,1
you are a coward,1
you are spineless,1
you are two faced,1
you are sneaky,1
you are shady,1
you are untrustworthy,1
you are lying again,1
you are always lying,1
you are always making excuses,1
you are always blaming others,1
you never take responsibility,1
you are so immature and rude,1
you are so childish and annoying,1
you are so lazy it hurts,1
you are so incompetent it is sad,1
you are unbearable to work with,1
you are unbearable to talk to,1
you are unbearable to listen to,1
you are unbearable in general,1
you are not even trying,1
you are not helpful at all,1
you contribute nothing,1
you are dead weight,1
you are so weak minded,1
you are so narrow minded,1
you are so close minded,1
you are so judgmental,1
you are so rude and judgmental,1
you are so petty,1
you are so petty and bitter,1
you are so mean spirited,1
you are so hostile,1
you are so hostile for no reason,1
you are acting hostile,1
you are acting rude,1
you are acting selfish,1
you are acting arrogant,1
you are acting annoying,1
you are embarrassing yourself,1
you are making a fool of yourself,1
you are making no sense,1
you are wasting my time,1
you are wasting everyone’s time,1
you are so irritating and rude,1
you are so annoying and loud,1
you are so annoying and childish,1
you are so annoying and selfish,1
you are so annoying and disrespectful,1
you are a complete mess,1
you are a complete disaster,1
you are a complete joke,1
you are a complete burden,1
you are a complete nuisance,1
you are so pathetic it is funny,1
you are so dumb it is painful,1
you are so stupid it is painful,1
you are so clueless it is painful,1
you are so rude it is disgusting,1
you are so toxic it is exhausting,1
you are exhausting to deal with,1
you are exhausting to listen to,1
you are exhausting to talk to,1
you are exhausting to read,1
you are acting insufferable,1
you are insufferable today,1
you are insufferable as always,1
you are just awful,1
you are awful to everyone,1
you are awful to be around,1
you are not decent,1
you are not respectful,1
you are not trustworthy,1
you are not reliable,1
you are not reasonable,1
you are not worth arguing with,1
you are not worth listening to,1
you are not worth the effort,1
good morning,0
hey how are you doing today,0
thanks for getting back to me,0
could you please confirm the details,0
i appreciate your help with this,0
let me know when you are free,0
that sounds good to me,0
i understand what you mean,0
can we talk for a minute,0
i will follow up tomorrow,0
please take your time,0
no worries at all,0
i agree with that point,0
thanks for clarifying,0
i like your suggestion,0
this is a helpful note,0
i will review it soon,0
please share the document,0
can you send the latest version,0
i will handle this task,0
we can improve this together,0
that explanation was clear,0
i appreciate your patience,0
please keep me updated,0
i am happy to assist,0
this plan looks solid,0
let us keep it simple,0
i will check and confirm,0
that is a fair concern,0
i see your perspective,0
thanks for the reminder,0
please double check the numbers,0
i will join the call,0
can we reschedule to next week,0
i am available this afternoon,0
this is moving in the right direction,0
i like how you organized this,0
thanks for taking care of it,0
please let me know your preference,0
i will send an update shortly,0
everything looks good so far,0
i appreciate the quick response,0
this is a reasonable request,0
thank you for your time,0
could you explain the steps,0
that makes sense now,0
i am glad we discussed this,0
let us make a checklist,0
i will share the meeting notes,0
thanks for your support,0
please provide more context,0
i understand the requirements,0
this is a good starting point,0
i will test it again,0
can you review my changes,0
thanks for pointing that out,0
i appreciate the feedback,0
this is easy to follow,0
let us confirm the deadline,0
i will update the file,0
please send the address,0
i will be there on time,0
thanks for the heads up,0
i like the final result,0
that is a thoughtful idea,0
i appreciate your honesty,0
let us keep the tone respectful,0
i am open to suggestions,0
this is a useful summary,0
i will ask the team,0
please give me a moment,0
i will get it done today,0
that solution seems practical,0
i appreciate the explanation,0
thanks for checking in,0
i will confirm after lunch,0
can you help me verify this,0
this is clear and concise,0
i respect your decision,0
thanks for sharing your thoughts,0
that is helpful information,0
i will take a look,0
please send a quick note,0
i will reply soon,0
this is a good question,0
i am glad you asked,0
thanks for your effort,0
this is a strong draft,0
let us refine it a bit,0
i will make the edits,0
please review the summary,0
i agree with the approach,0
that seems appropriate,0
i will keep you posted,0
this is a calm discussion,0
i appreciate the teamwork,0
we are making progress,0
thanks for the update today,0
i will check the logs,0
can you confirm the time zone,0
i will schedule the meeting,0
please share your availability,0
i appreciate the details,0
this is a helpful example,0
let us align on priorities,0
i will document the steps,0
thanks for the clarification,0
this looks accurate,0
i will verify the results,0
please confirm the final version,0
i appreciate the quick fix,0
this is well written,0
i am satisfied with this,0
thanks for being flexible,0
i will handle the next steps,0
please keep the changes minimal,0
i will summarize the action items,0
thank you for the follow up,0
i appreciate your careful work,0
this is consistent with our plan,0
i will share the final copy,0
please let me know if anything changes,0
i am ready when you are,0
i appreciate the clear communication,0
this is helpful for planning,0
thanks for reviewing it,0
i will submit it now,0
please confirm you received it,0
i appreciate your collaboration,0
this is a nice improvement,0
thanks for catching that,0
i will adjust the settings,0
please send the requirements,0
i will check back later,0
this explanation is clear,0
i appreciate your input,0
thanks for your kindness,0
we can solve this together,0
i will take care of it,0
please share your thoughts,0
i appreciate your perspective,0
thanks for being patient,0
this is a good outcome,0
i will follow the process,0
please provide the details,0
i appreciate your help today,0
thanks for the guidance,0
this is going smoothly,0
i will update you soon,0
please confirm the next steps,0
i appreciate the quick turnaround,0
thanks for the helpful note,0
this is the right direction,0
i will incorporate your feedback,0
please review and approve,0
i appreciate the support from the team,0
thanks for the clear instructions,0
this is easy to understand,0
i will send the final version shortly,0
please share the latest numbers,0
i appreciate your attention to detail,0
thanks for the thoughtful response,0
this is a productive conversation,0
i will keep the document updated,0
please let me know if you need anything,0
you are so stupid,1
you are an idiot,1
shut up already,1
you have no idea what you are doing,1
this is the dumbest thing i have seen,1
you are useless,1
what a loser,1
you are pathetic,1
stop talking nonsense,1
you are annoying,1
you are embarrassing,1
you sound clueless,1
your work is garbage,1
you are a complete failure,1
i cannot stand you,1
you are acting like a child,1
you are so lazy,1
you are incompetent,1
you are ridiculous,1
you always mess things up,1
you never learn,1
you are so rude,1
you are selfish,1
you are dishonest,1
you are a liar,1
you are so fake,1
you are disgusting,1
you are trash,1
you are a joke,1
you are such a fool,1
you are unbearable,1
nobody cares what you think,1
you are not worth my time,1
your opinion is worthless,1
you are totally ignorant,1
you are insufferable,1
you are so arrogant,1
you are so bitter,1
you are a bad teammate,1
you are a terrible friend,1
you are a nightmare to work with,1
you are hopeless,1
you are the worst,1
you are so obnoxious,1
you are a creep,1
you are gross,1
you are irritating,1
you are a mess,1
you are a disaster,1
you are impossible,1
you are manipulative,1
you are toxic,1
you are so immature,1
you are being nasty,1
you are being cruel,1
you are being mean,1
you are so negative,1
you are not smart,1
you are unbelievably dumb,1
you are a moron,1
you are brainless,1
you are clueless and lazy,1
you are rude and selfish,1
you are useless and annoying,1
you are lazy and incompetent,1
you are such an embarrassment,1
you are a complete idiot,1
you never do anything right,1
you ruin everything,1
you always complain,1
you are always whining,1
you are so dramatic,1
you are full of nonsense,1
you are full of lies,1
you are so full of yourself,1
you are nothing special,1
you are not welcome here,1
you do not belong here,1
you are a waste of time,1
you are a waste of space,1
you are so annoying i cannot focus,1
you make everyone miserable,1
you make things worse,1
you are impossible to talk to,1
you are impossible to please,1
you are so annoying right now,1
you are acting ridiculous,1
you are acting stupid,1
you are acting pathetic,1
you are so disrespectful,1
you have a terrible attitude,1
your attitude is disgusting,1
your message is trash,1
your ideas are terrible,1
your excuses are pathetic,1
you are so unreliable,1
you are so careless,1
you are so thoughtless,1
you are so inconsiderate,1
you are so unprofessional,1
you are so annoying to deal with,1
you are a burden,1
you are a problem,1
you are the problem,1
you are so frustrating,1
you are so irritating to hear,1
you are so annoying to read,1
you are talking garbage,1
you are talking nonsense,1
you are completely wrong and stupid,1
you are stubborn and clueless,1
you are arrogant and rude,1
you are rude for no reason,1
you are acting like a jerk,1
you are such a jerk,1
you are a coward,1
you are spineless,1
you are two faced,1
you are sneaky,1
you are shady,1
you are untrustworthy,1
you are lying again,1
you are always lying,1
you are always making excuses,1
you are always blaming others,1
you never take responsibility,1
you are so immature and rude,1
you are so childish and annoying,1
you are so lazy it hurts,1
you are so incompetent it is sad,1
you are unbearable to work with,1
you are unbearable to talk to,1
you are unbearable to listen to,1
you are unbearable in general,1
you are not even trying,1
you are not helpful at all,1
you contribute nothing,1
you are dead weight,1
you are so weak minded,1
you are so narrow minded,1
you are so close minded,1
you are so judgmental,1
you are so rude and judgmental,1
you are so petty,1
you are so petty and bitter,1
you are so mean spirited,1
you are so hostile,1
you are so hostile for no reason,1
you are acting hostile,1
you are acting rude,1
you are acting selfish,1
you are acting arrogant,1
you are acting annoying,1
you are embarrassing yourself,1
you are making a fool of yourself,1
you are making no sense,1
you are wasting my time,1
you are wasting everyone’s time,1
you are so irritating and rude,1
you are so annoying and loud,1
you are so annoying and childish,1
you are so annoying and selfish,1
you are so annoying and disrespectful,1
you are a complete mess,1
you are a complete disaster,1
you are a complete joke,1
you are a complete burden,1
you are a complete nuisance,1
you are so pathetic it is funny,1
you are so dumb it is painful,1
you are so stupid it is painful,1
you are so clueless it is painful,1
you are so rude it is disgusting,1
you are so toxic it is exhausting,1
you are exhausting to deal with,1
you are exhausting to listen to,1
you are exhausting to talk to,1
you are exhausting to read,1
you are acting insufferable,1
you are insufferable today,1
you are insufferable as always,1
you are just awful,1
you are awful to everyone,1
you are awful to be around,1
you are not decent,1
you are not respectful,1
you are not trustworthy,1
you are not reliable,1
you are not reasonable,1
you are not worth arguing with,1
you are not worth listening to,1
you are not worth the effort,1
thanks for explaining this clearly,0
i appreciate the detailed answer,0
this is helpful information,0
that makes sense now,0
i understand your point better,0
thanks for taking the time to reply,0
this was useful to read,0
i see where you are coming from,0
that is a fair argument,0
i agree with your conclusion,0
this adds good context,0
thanks for sharing your experience,0
i appreciate the clarification,0
this explanation helped a lot,0
i understand the reasoning now,0
this is a thoughtful response,0
thanks for being respectful,0
this is a productive discussion,0
i appreciate the honest feedback,0
that explanation was clear and direct,0
i like how you explained this,0
this makes the situation clearer,0
thanks for pointing that out politely,0
i appreciate the calm response,0
this helps answer my question,0
that seems reasonable to me,0
i appreciate your perspective,0
this is good advice,0
thanks for breaking it down,0
this explanation is easy to follow,0
i understand the situation better now,0
this response was helpful,0
thanks for the insight,0
this clears up the confusion,0
i appreciate the respectful tone,0
this is useful context,0
thanks for explaining it step by step,0
this makes more sense now,0
i appreciate the detailed response,0
this was informative,0
thanks for your input,0
this explanation answered my question,0
i understand what you mean now,0
this is helpful clarification,0
thanks for the explanation,0
this was well explained,0
i appreciate the clear answer,0
this explanation was useful,0
thanks for the helpful response,0
this provides good context,0
i appreciate the explanation given,0
this helped me understand better,0
thanks for explaining it clearly,0
this makes sense logically,0
i appreciate the calm discussion,0
this response is constructive,0
thanks for the thoughtful reply,0
this adds clarity to the topic,0
i appreciate your explanation,0
this explanation is reasonable,0
thanks for the clear breakdown,0
this was helpful information,0
i understand your reasoning,0
this response was clear,0
thanks for the insight provided,0
this explanation is straightforward,0
i appreciate the respectful reply,0
this is helpful for understanding,0
thanks for clarifying that point,0
this response makes sense,0
i appreciate the explanation and context,0
this helped clear things up,0
thanks for explaining the situation,0
this explanation is helpful overall,0
i understand the issue now,0
this was a useful explanation,0
thanks for the clear response,0
this explanation answered my concerns,0
i appreciate the clear communication,0
this is helpful context,0
thanks for the explanation provided,0
this explanation was easy to understand,0
i understand the reasoning behind it,0
this response is informative,0
thanks for taking the time to explain,0
this explanation provides clarity,0
i appreciate the constructive response,0
this helps put things into perspective,0
thanks for the clear explanation,0
this explanation is helpful and clear,0
i understand your point of view,0
this response helped clarify things,0
thanks for explaining it in detail,0
this explanation was useful to read,0
you are a fucking idiot,1
this is the dumbest shit i have ever read,1
are you actually brain dead,1
you clearly have no idea what you are talking about,1
this take is absolute garbage,1
you sound dumb as hell,1
what the fuck is wrong with you,1
this is such a stupid opinion,1
you are embarrassing yourself,1
you are painfully ignorant,1
this comment gave me brain damage,1
you are talking out of your ass,1
shut the fuck up already,1
you are unbelievably stupid,1
this is a braindead take,1
you must be trolling because no one is this dumb,1
you are completely clueless,1
this is straight up nonsense,1
you sound like a moron,1
what a shit take,1
you clearly did not think this through,1
this is embarrassingly bad,1
you have zero understanding of this topic,1
this is the dumbest argument here,1
you are delusional if you believe this,1
this is laughably stupid,1
you are out of your mind,1
this comment is pure trash,1
you are so confidently wrong it hurts,1
this is such a trash opinion,1
you are absolutely clueless,1
you sound ignorant as fuck,1
this is some next level stupidity,1
you have no critical thinking skills,1
this is painfully dumb,1
you clearly lack basic understanding,1
you are talking complete bullshit,1
this argument is dog shit,1
you are making yourself look stupid,1
this is a garbage take,1
you have no idea how reality works,1
you sound like a clown,1
this comment is a joke,1
you are seriously uneducated,1
this is one of the worst takes i have seen,1
you are completely detached from reality,1
this is some smooth brain thinking,1
you clearly do not know what you are saying,1
this is beyond stupid,1
you are embarrassing to read,1
this comment is absolute brain rot,1
you have zero clue what you are doing,1
this is ignorant nonsense,1
you sound insufferable,1
this is an incredibly bad take,1
you are hopelessly clueless,1
this comment is pure stupidity,1
you are actually stupid,1
this is such a bad argument,1
you clearly failed to understand anything,1
this is laughable ignorance,1
you sound unbearable,1
this comment is worthless,1
you are out here saying dumb shit confidently,1
this is some ignorant bullshit,1
you are a lost cause,1
this take is embarrassing,1
you have no grasp of the topic,1
this comment is painful to read,1
you sound like you never learned anything,1
this is absolute nonsense,1
you are making zero sense,1
this is straight garbage,1
you clearly do not live in reality,1
this comment is brainless,1
you are so confidently stupid,1
this is a shit argument,1
you are talking nonsense confidently,1
this take is complete trash,1
you sound incredibly ignorant,1
this is a brain dead comment,1
you have no understanding whatsoever,1
this is an awful take,1
you are embarrassing the entire thread,1
this comment is painfully ignorant,1
you sound like a fucking clown,1
this is pure nonsense and stupidity,1
you are delusional and ignorant,1
this comment is trash tier,1
you have absolutely no idea what you are saying,1
this is some low iq shit,1
you sound dumb and uninformed,1
this take is unbelievably bad,1
you are confidently spreading nonsense,1
this comment is pure ignorance,1
you sound painfully stupid,1
this is a terrible argument,1
you clearly lack basic logic,1
this is an idiotic take,1
you are embarrassing yourself badly,1
this comment is absolute trash,1
this take belongs in a museum from 1950,1
are you posting from the past or just clueless,1
this opinion aged like milk in the sun,1
bro thinks it is still the 1950s,1
this mindset died decades ago,1
did you time travel here from 1952,1
this comment feels historically embarrassing,1
you sound like a bad history lesson,1
this argument expired before you were born,1
are you allergic to modern thinking,1
this is what happens when you stop learning after high school,1
your brain is running on outdated firmware,1
this opinion belongs on a dusty textbook,1
this is some prehistoric logic,1
did progress personally offend you,1
this take crawled out of a time capsule,1
this comment smells like old newspapers,1
you sound like you peaked in another century,1
this is some ancient thinking,1
your worldview never updated,1
this comment feels aggressively outdated,1
did history just skip you,1
this take belongs next to rotary phones,1
this is vintage ignorance,1
you are stuck in the wrong decade,1
this is what zero self awareness looks like,1
this comment is impressively stupid,1
you really typed this and hit send,1
this is embarrassing on multiple levels,1
you thought this was a good idea to post,1
this take is comedy gold for the wrong reasons,1
i lost brain cells reading this,1
this is unintentionally hilarious,1
this comment cured my imposter syndrome,1
thanks for lowering the bar even more,1
this is why comment sections are a mistake,1
this is peak internet stupidity,1
this is what no critical thinking looks like,1
you typed all that just to be wrong,1
this is confidently incorrect energy,1
this comment is doing numbers in stupidity,1
you should be studied,1
this is performance art at this point,1
this comment feels like satire but sadly is not,1
this is clown behavior,1
you are farming embarrassment,1
this is why reading comprehension matters,1
this is a masterclass in missing the point,1
this comment has zero redeeming value,1
you really said nothing with confidence,1
this is impressive levels of ignorance,1
this comment is allergic to logic,1
you are arguing with reality and losing,1
this is internet brain rot,1
this take is terminally online,1
you sound chronically uninformed,1
this comment feels like rage bait,1
either this is bait or you are lost,1
this is low effort and low iq,1
this take has no thoughts behind it,1
this comment is empty calories,1
you are just typing noise,1
this is mental gymnastics with no landing,1
this comment adds nothing to the conversation,1
this is a waste of bandwidth,1
this is aggressively stupid,1
this take should have stayed in your drafts,1
this is what happens when confidence outruns intelligence,1
this comment is doing the opposite of helping,1
you are shadowboxing common sense,1
this is like watching someone argue with a wall,1
this is peak main character syndrome,1
this comment is self report energy,1
this is not the flex you think it is,1
this is embarrassing for you specifically,1
this comment screams lack of awareness,1
this is some smooth brain logic,1
this take is all vibes no facts,1
this is empty confidence,1
you sound like you read one headline and stopped,1
this comment feels aggressively misinformed,1
this is intellectual fast food,1
this take has zero substance,1
this comment is a nothing burger,1
this is loud and wrong,1
you are talking just to talk,1
this comment is pure noise,1
this is a misunderstanding in paragraph form,1
this is a bad take speedrun,1
this comment is allergic to nuance,1
this is surface level thinking at best,1
this take has no depth,1
this comment is painfully shallow,1
this is thinking with vibes not facts,1
this take is unserious,1
this comment feels like a parody account,1
this is some npc dialogue,1
this comment was generated by zero reflection,1
this is default thinking,1
this take is copy paste ignorance,1
this comment is recycled nonsense,1
this is a template bad opinion,1
this take is mass produced stupidity,1
this comment adds negative value,1
this is not insight,1
this comment is a red flag,1
this take is terminally dumb,1
this comment makes the internet worse,1
this is brain off posting,1
this comment is beyond saving,1
this take is aggressively unhelpful,1
this is mental junk food,1
this comment is cultural illiteracy on display,1
this is thinking frozen in time,1
this take belongs before 1960,1
this comment feels like a 1950s pamphlet,1
this is nostalgia for ignorance,1
this take is historically embarrassing,1
this comment is outdated and proud of it,1
this is some cold war era thinking,1
this opinion did not survive history,1
this is what happens when you ignore decades of progress,1
this take belongs in black and white,1
this comment feels like it hates the present,1
this is an old mindset refusing to die,1
this take is stuck in the past,1
this comment is allergic to modern reality,1
this is time capsule stupidity,1
this take should have stayed buried,1
thanks for explaining your point clearly,0
i see what you are trying to say,0
that is a reasonable take,0
i appreciate the detailed explanation,0
this adds useful context,0
i understand your reasoning now,0
thanks for taking time to explain,0
this is a thoughtful response,0
i agree with some of your points,0
that explanation helped me understand better,0
this is a fair perspective,0
i appreciate the calm tone,0
this is helpful information,0
thanks for clarifying that,0
i can see where you are coming from,0
this makes more sense now,0
that is a valid argument,0
i appreciate your honesty,0
this is a constructive reply,0
thanks for breaking it down,0
this explanation is easy to follow,0
i understand the situation better now,0
that seems reasonable to me,0
i appreciate your input,0
this response was informative,0
thanks for sharing your thoughts,0
this adds clarity to the topic,0
i respect your opinion,0
this is a good explanation,0
i appreciate the respectful discussion,0
this is helpful for understanding the issue,0
thanks for explaining it step by step,0
this provides useful insight,0
i understand your point of view,0
this explanation answered my question,0
thanks for the clear response,0
this makes the situation clearer,0
i appreciate the explanation provided,0
this is reasonable feedback,0
thanks for the clarification,0
this response was helpful to read,0
i appreciate the thoughtful reply,0
this is a productive discussion,0
thanks for keeping it respectful,0
this explanation is straightforward,0
i appreciate the context you gave,0
this helps put things into perspective,0
thanks for the detailed response,0
this is helpful context,0
i understand the reasoning behind it,0
this was useful information,0
thanks for the insight,0
this explanation cleared things up,0
i appreciate the clear communication,0
this makes sense logically,0
thanks for explaining the background,0
this is a reasonable explanation,0
i appreciate your perspective on this,0
this explanation is helpful overall,0
thanks for addressing the concern,0
this response is constructive,0
i appreciate the calm explanation,0
this adds helpful detail,0
thanks for the clear breakdown,0
this explanation is understandable,0
i appreciate the explanation and context,0
this response answered my concerns,0
thanks for being clear about it,0
this is useful clarification,0
i understand the issue now,0
this explanation is clear and helpful,0
thanks for taking the time to respond,0
this provides good context,0
i appreciate the informative reply,0
this explanation makes sense to me,0
thanks for explaining it clearly,0
this response helped clarify things,0
i appreciate the thoughtful explanation,0
this is helpful guidance,0
thanks for the explanation given,0
this explanation was easy to understand,0
i appreciate the constructive tone,0
this response is reasonable,0
thanks for the helpful response,0
this explanation resolved my confusion,0
i appreciate the clear reasoning,0
this was a helpful explanation,0
thanks for clarifying your point,0
this response is informative and clear,0
i appreciate the respectful exchange,0
this explanation adds value,0
thanks for explaining the logic behind it,0
this is helpful information overall,0
i appreciate your clear explanation,0
this response provides clarity,0
thanks for being patient in explaining,0
this explanation is sufficient,0
i appreciate the detailed context,0
this was a useful reply,0
thanks for explaining your reasoning,0
this explanation makes the topic clearer,0
i appreciate the straightforward answer,0
this response was well explained,0
thanks for the clear explanation,0
this explanation is helpful for understanding,0
i appreciate the informative discussion,0
this response is clear and reasonable,0
thanks for walking through it,0
this explanation answered my question well,0
i appreciate the clear and calm response,0
this is a helpful clarification,0
thanks for the explanation and detail,0
this explanation is logical and clear,0
i appreciate the respectful reply,0
this response is helpful and informative,0
thanks for the thoughtful clarification,0
this explanation helps a lot,0
i appreciate the clarity of your response,0
this take belongs in a time capsule from 1950,1
are you posting from a black and white tv era,1
this opinion expired decades ago,1
did progress personally offend you,1
this is some museum grade thinking,1
you sound like history stopped for you,1
this take aged like milk left outside,1
bro thinks it is still 1952,1
this comment smells like outdated textbooks,1
your mindset never got the update patch,1
this is prehistoric logic,1
did you time travel here accidentally,1
this opinion belongs before color television,1
this is what happens when you stop learning,1
this take is aggressively outdated,1
your worldview is stuck on dial up,1
this comment feels historically embarrassing,1
this argument crawled out of the past,1
this is cold war era thinking,1
this opinion did not survive history,1
this is nostalgia for ignorance,1
this take belongs next to rotary phones,1
this is ancient logic pretending to be smart,1
this comment is proudly outdated,1
this is thinking frozen in time,1
this take should have stayed buried,1
this is a bad take speedrun,1
you typed all that just to be wrong,1
this comment cured my imposter syndrome,1
this is confidently incorrect energy,1
you really hit send on this,1
this is clown behavior,1
this comment feels like satire but sadly is not,1
this is peak internet brain rot,1
you sound chronically online and uninformed,1
this take has zero self awareness,1
this is loud and wrong,1
this comment adds negative value,1
you are arguing with reality and losing,1
this is embarrassing to read,1
this is mental junk food,1
this take has no thoughts behind it,1
this is what no critical thinking looks like,1
this comment is doing numbers in stupidity,1
you should be studied,1
this is performance art at this point,1
this comment is allergic to logic,1
you are farming embarrassment,1
this take is unserious,1
this is npc dialogue energy,1
this comment is all confidence no substance,1
this is empty confidence posting,1
this take is copy paste ignorance,1
this comment is a nothing burger,1
this is surface level thinking at best,1
you sound aggressively misinformed,1
this is intellectual fast food,1
this take has no depth,1
this comment is painfully shallow,1
this is vibes over facts,1
this take is terminally dumb,1
this comment makes the internet worse,1
this is brain off posting,1
this comment is beyond saving,1
this take is aggressively unhelpful,1
this is main character syndrome,1
this comment screams lack of awareness,1
this is not the flex you think it is,1
this take is embarrassing for you specifically,1
this comment feels like rage bait,1
either this is bait or you are lost,1
this is low effort thinking,1
this take has no substance,1
this comment is just noise,1
this is a misunderstanding in paragraph form,1
this is a masterclass in missing the point,1
this take is internet poison,1
this comment is cultural illiteracy on display,1
this is thinking stuck in the past,1
this take belongs before 1960,1
this comment feels like a 1950s pamphlet,1
this is some cold era thinking,1
this opinion did not age well,1
this take hates modern reality,1
this comment is outdated and proud,1
this is what ignoring decades of progress looks like,1
this take belongs in black and white,1
this comment is time capsule stupidity,1
this opinion is allergic to reality,1
this take is aggressively ignorant,1
this comment is loud ignorance,1
this is confidence without comprehension,1
this take is historically embarrassing,1
this comment has zero redeeming value,1
this is not insight,1
this take is internet landfill,1
this comment exists just to be wrong,1
this is digital brain damage,1
this take is painfully dumb,1
this comment is a self report,1
this is why comment sections are cursed,1
this take is trash tier,1
this comment feels like a parody account,1
this is bad opinion speedrunning,1
this take is unserious nonsense,1
this comment is aggressively stupid,1
this is confidence outrunning intelligence,1
this take is beyond embarrassing,1
this comment is terminally online behavior,1
this is an outdated mindset refusing to die,1
this take belongs in a history warning label,1
this comment is stuck in the past on purpose,1
this is ignorance with nostalgia,1
this take is proudly wrong,1
this comment should have stayed in drafts,1
thanks for explaining that clearly,0
i see what you mean now,0
that is a fair take,0
i appreciate the explanation,0
this adds useful context,0
i understand your reasoning,0
thanks for the detailed reply,0
this helped clarify things,0
i respect your perspective,0
that makes sense logically,0
i appreciate the calm response,0
this is helpful information,0
thanks for breaking it down,0
this explanation was easy to follow,0
i understand the situation better now,0
that is a reasonable argument,0
i appreciate your honesty,0
this is a constructive response,0
thanks for sharing your thoughts,0
this explanation answered my question,0
i see where you are coming from,0
this provides helpful insight,0
thanks for clarifying that point,0
this makes the topic clearer,0
i appreciate the respectful tone,0
this was useful to read,0
thanks for the clarification,0
this is a fair assessment,0
i understand your point of view,0
this explanation helped a lot,0
thanks for taking the time to respond,0
this is helpful context,0
i appreciate the clear explanation,0
this adds value to the discussion,0
thanks for explaining it step by step,0
this response makes sense,0
i appreciate the thoughtful reply,0
this clears up the confusion,0
thanks for explaining the background,0
this explanation is reasonable,0
i appreciate the calm discussion,0
this response is informative,0
thanks for the insight,0
this explanation is clear and helpful,0
i appreciate your perspective on this,0
this makes things easier to understand,0
thanks for addressing the concern,0
this explanation is straightforward,0
i appreciate the detailed response,0
this was helpful information,0
thanks for explaining it clearly,0
this response helped clarify things,0
i appreciate the constructive tone,0
this explanation is logical,0
thanks for being respectful,0
this was a useful explanation,0
i appreciate the clear reasoning,0
this explanation adds clarity,0
thanks for the helpful response,0
this is a reasonable explanation,0
i appreciate the explanation and context,0
this response is clear,0
thanks for walking through it,0
this explanation resolved my question,0
i appreciate the informative reply,0
this explanation is helpful overall,0
thanks for explaining your reasoning,0
this is useful clarification,0
i appreciate the calm explanation,0
this response provides clarity,0
thanks for the thoughtful explanation,0
this explanation is easy to understand,0
i appreciate the respectful exchange,0
this response is helpful and clear,0
thanks for the clear breakdown,0
this explanation answered my concerns,0
i appreciate the clear communication,0
this was a productive discussion,0
thanks for taking time to explain,0
this explanation is sufficient,0
i appreciate the helpful guidance,0
this response was informative and clear,0
thanks for explaining it in detail,0
this explanation makes sense,0
i appreciate the straightforward answer,0
this response was helpful to read,0
thanks for the explanation provided,0
this explanation is useful,0
i appreciate the thoughtful clarification,0
this response is reasonable and clear,0
thanks for being patient,0
this explanation helped me understand better,0
bro has negative rizz and infinite confidence,1
this take has zero rizz and max delusion,1
npc behavior detected immediately,1
this is straight goon logic,1
bro is gooning over a bad take,1
this comment has no aura at all,1
this is anti rizz propaganda,1
you typed this with npc energy,1
this is smooth brain posting,1
bro thinks he cooked but burned the kitchen,1
this take is all vibes no brain,1
this is gooner math,1
npc dialogue straight from the starter pack,1
this is rizzless behavior,1
bro has main character syndrome and zero stats,1
this comment feels ai generated but dumber,1
this is brain rot with confidence,1
you are farming second hand embarrassment,1
this take belongs in a ww2 archive box,1
bro posting from 1942 mentally,1
this opinion fought in ww2 and lost,1
this take is older than ration cards,1
are you cosplaying 1940s thinking,1
this mindset survived the blitz somehow,1
this is cold war npc dialogue,1
bro is stuck in pre internet patch notes,1
this take marched straight out of history class,1
this opinion aged worse than ww2 tech,1
this is museum grade ignorance,1
this mindset never left the war era,1
this is black and white tv thinking,1
bro is mentally drafting for ww2,1
this take belongs in a propaganda poster,1
this is historical embarrassment,1
this opinion expired before color tv,1
this is outdated thinking with confidence,1
this comment has no media literacy,1
this is loud wrong energy,1
bro typed a paragraph just to miss the point,1
this is npc confidence,1
this take has zero critical thinking,1
this is low iq high volume posting,1
this comment is terminally online but uninformed,1
this is internet brain damage,1
bro learned one thing and stopped,1
this is goon level misunderstanding,1
this take is a nothing burger with attitude,1
this comment adds negative value,1
this is all confidence no comprehension,1
bro arguing with reality and losing,1
this is performance art stupidity,1
this take is aggressively dumb,1
this comment feels like rage bait,1
either bait or genuine ignorance,1
this is smooth brain npc posting,1
this take has no substance at all,1
bro thinks this is a flex,1
this comment is embarrassing for you,1
this is anti intelligence propaganda,1
this take is brain off posting,1
bro is confidently wrong again,1
this comment is pure internet sludge,1
this is rizzless delusion,1
this take is copy paste ignorance,1
this comment is loud ignorance,1
bro really thought this was it,1
this is chronically online behavior,1
this take is historically stupid,1
this comment is outdated and proud,1
bro fighting ghosts from the 1940s,1
this is nostalgia for ignorance,1
this take should have stayed in drafts,1
this comment has npc aura,1
this is gooner logic with confidence,1
bro is lost in the sauce,1
this take is terminal brain rot,1
this comment makes the internet worse,1
this is rizz bankruptcy,1
this take is painfully unserious,1
this comment has zero redeeming value,1
this is not insight just noise,1
bro typed all that for nothing,1
this is confidence outrunning intelligence,1
this take is beyond embarrassing,1
this comment belongs in internet hall of shame,1
this is outdated mindset refusing to die,1
this take is proudly wrong,1
this comment screams lack of awareness,1
this is npc core behavior,1
this take is low effort ignorance,1
this comment is anti logic,1
this is goon posting at its finest,1
good morning,0
hey how are you today,0
thanks for the quick reply,0
i appreciate your help,0
can you clarify the requirement,0
that explanation was clear,0
i see your point,0
this is useful context,0
thanks for sharing,0
i understand the concern,0
that sounds reasonable,0
i agree with your approach,0
can we double check the numbers,0
please send the latest version,0
i will follow up later today,0
thanks for the update,0
i appreciate your patience,0
this is a helpful summary,0
i will review it shortly,0
can we schedule a quick call,0
i like how you organized this,0
this makes more sense now,0
thanks for explaining step by step,0
i respect your opinion,0
that is a fair question,0
i am open to suggestions,0
this is a good starting point,0
let us keep it simple,0
i will make the edits,0
please confirm the deadline,0
thanks for catching that,0
i appreciate the feedback,0
this is well explained,0
i will check and confirm,0
can you share more details,0
that seems like a solid plan,0
i am glad we talked,0
this is helpful for planning,0
thanks for your effort,0
i understand the reasoning,0
this is a constructive discussion,0
please let me know if anything changes,0
i will send the final copy,0
thanks for being clear,0
i appreciate the context,0
this resolves my question,0
i see where you are coming from,0
that is a valid point,0
i agree with the conclusion,0
thanks for the clarification,0
this is informative,0
i appreciate the thoughtful reply,0
i will update the document,0
please review when you can,0
thanks for your time,0
this is easy to follow,0
i understand what you mean,0
that is helpful guidance,0
i appreciate the collaboration,0
thanks for walking me through it,0
this is a clear explanation,0
i will proceed with that,0
please confirm you received it,0
thanks for the reminder,0
this is a calm conversation,0
i appreciate the respectful tone,0
this helps put things in perspective,0
i will check back tomorrow,0
thanks for the detailed response,0
this makes the topic clearer,0
i appreciate your perspective,0
this is reasonable feedback,0
i will take a look now,0
please share your availability,0
thanks for the heads up,0
this looks accurate,0
i understand the constraints,0
that approach seems practical,0
i appreciate the quick turnaround,0
thanks for the guidance,0
this is helpful to know,0
i will confirm after i test it,0
please keep me posted,0
thanks for being patient,0
this is a productive discussion,0
i appreciate the transparency,0
this response is helpful,0
i will send an update soon,0
thanks for explaining the background,0
this aligns with our goal,0
i appreciate your careful work,0
this is a good point to raise,0
i understand your position,0
that seems fair to me,0
i appreciate the clear communication,0
thanks for your support,0
this is a useful example,0
i will summarize the action items,0
please review the draft,0
thanks for the thoughtful note,0
this is clear and concise,0
i understand now,0
that explanation helped a lot,0
i appreciate your help today,0
thanks for the update this morning,0
this is a solid explanation,0
i will incorporate your feedback,0
please confirm the next steps,0
thanks for checking,0
this is helpful clarification,0
i appreciate the calm reply,0
this was useful to read,0
i will keep the file updated,0
thanks for the quick fix,0
this makes sense logically,0
i appreciate the detail,0
thanks for addressing the issue,0
this is helpful context overall,0
i will follow the process,0
please share the summary,0
thanks for explaining your reasoning,0
this seems appropriate,0
i appreciate your input on this,0
thanks for the clear breakdown,0
this is a sensible conclusion,0
i understand your point of view,0
that is a reasonable request,0
i appreciate the constructive tone,0
thanks for the info,0
this clears up the confusion,0
i will confirm the details,0
please send the attachment,0
thanks for being respectful,0
this was well communicated,0
i appreciate the helpful response,0
this is good context to have,0
i will reply shortly,0
thanks for the explanation provided,0
this is helpful and clear,0
i appreciate the straightforward answer,0
thanks for the follow up,0
this is useful for the team,0
i will share the notes,0
please let me know your preference,0
thanks for the assistance,0
this is a good clarification,0
i understand the timeline,0
that works for me,0
i appreciate the effort you put in,0
thanks for the update on progress,0
this is helpful for decision making,0
i will keep you updated,0
please confirm the final version,0
thanks for taking the time,0
this is a clear summary,0
i appreciate the explanation and context,0
this looks good to me,0
bro has negative rizz and thinks he is cooking,1
zero rizz take with max confidence,1
npc behavior on full display,1
this is npc dialogue with a keyboard,1
touch grass immediately,1
go touch grass and log off,1
you are aura farming with nothing to show,1
this is pure aura debt,1
massive L take,1
hold this L and move on,1
ratio + skill issue,1
skill issue in paragraph form,1
cope harder,1
cope and seethe,1
seethe quietly,1
delulu is not a solution,1
this is delusional posting,1
your take is mid at best,1
this is aggressively mid,1
you are cooked if you believe that,1
absolutely cooked take,1
brain rot comment,1
this is brain rot with punctuation,1
rage bait detected,1
nice rage bait,1
bait used to be believable,1
either bait or you are lost,1
you typed all that and still said nothing,1
whole essay just to be wrong,1
you are confidently wrong,1
confidently incorrect is your brand,1
this is loud and wrong,1
loud, wrong, and proud,1
what a clown take,1
clown shoes logic,1
you are embarrassing yourself,1
secondhand embarrassment is crazy here,1
this is cringe,1
unfiltered cringe behavior,1
your argument is dogwater,1
straight dogwater reasoning,1
this is trash tier,1
trash take speedrun any percent,1
this is a dumpster fire of a take,1
absolute garbage opinion,1
you are talking out of your ass,1
stop talking out of your ass,1
shut the fuck up,1
shut the fuck up already,1
this is dumb as hell,1
that is stupid as fuck,1
you sound dumb as hell,1
are you actually stupid,1
are you trying to be this dense,1
reading this lowered the iq of the room,1
this comment gave me brain damage,1
i lost brain cells reading this,1
you should have kept this in drafts,1
delete this,1
log off,1
go outside,1
this is terminally online behavior,1
chronically online and still clueless,1
you have zero media literacy,1
media literacy is in the basement,1
your reading comprehension is missing,1
you missed the point so hard it is impressive,1
congrats on missing the point,1
this is a masterclass in being wrong,1
you are speedrunning ignorance,1
ignorance any percent world record,1
this is misinformation cosplay,1
you are cosplaying expertise,1
bro thinks he is him,1
you are not him,1
main character syndrome with npc skills,1
npc with main character energy,1
this is not the flex you think it is,1
you thought you ate, but you starved,1
you cooked and burned the kitchen,1
you are lost in the sauce,1
your logic fell down the stairs,1
your argument has no spine,1
this is mental gymnastics with no landing,1
nice gymnastics, still wrong,1
this is vibes over facts,1
facts called, you declined,1
your take belongs in 1950,1
posting from 1950 with that mindset,1
this is black and white tv thinking,1
this opinion fought in ww2 and lost,1
this take is stuck in 1942,1
did you time travel from 1939,1
this belongs in a ww2 history archive,1
your worldview is a time capsule,1
museum grade ignorance,1
prehistoric logic pretending to be smart,1
this is outdated firmware thinking,1
your brain never updated past 1.0,1
this is propaganda poster energy,1
stop rewriting history for your ego,1
you sound like a bad history pamphlet,1
this is cold war era logic,1
your take aged like ration bread,1
this is not edgy, it is just dumb,1
edgy without the funny,1
dark humor with zero humor,1
this joke landed like a lead balloon,1
making tragedy jokes does not make you clever,1
your humor is stuck in a 2012 comment section,1
your sarcasm is weak,1
try harder,1
nice try, still embarrassing,1
you are insufferable,1
unbearable energy,1
you are exhausting,1
this is exhausting to read,1
you add nothing to the conversation,1
this adds negative value,1
this is a waste of bandwidth,1
stop wasting everyone’s time,1
you are so far off it is funny,1
funny how wrong you are,1
this is pathetic,1
pathetic attempt at a point,1
you are a joke,1
your point is a joke,1
get real,1
reality check needed,1
you are not serious,1
this is unserious nonsense,1
thanks for explaining your thought process,0
this explanation helped clarify things,0
i understand your point more clearly now,0
that sounds reasonable to me,0
i appreciate the detailed explanation,0
this provides useful background,0
thanks for walking through the steps,0
i see where you are coming from,0
this is helpful information overall,0
i appreciate the calm explanation,0
this is a fair assessment of the situation,0
thanks for being clear about it,0
this explanation makes sense logically,0
i appreciate the respectful tone,0
this response helped me understand better,0
thanks for taking the time to reply,0
this is helpful context to know,0
i understand the reasoning behind this,0
that explanation was easy to follow,0
i appreciate the constructive response,0
this adds clarity to the discussion,0
thanks for explaining it in detail,0
this is reasonable feedback,0
i appreciate the thoughtful reply,0
this explanation answered my question,0
thanks for the clarification provided,0
this is helpful guidance,0
i understand your perspective now,0
this response was informative,0
i appreciate the explanation and context,0
this makes the topic clearer,0
thanks for the insight shared,0
this explanation is straightforward,0
i appreciate the clear communication,0
this was useful to read,0
thanks for explaining your reasoning,0
this explanation resolved my confusion,0
i understand the issue better now,0
this is a helpful clarification,0
i appreciate the detailed response,0
this explanation was well structured,0
thanks for keeping it respectful,0
this response provides clarity,0
i appreciate your input on this,0
this explanation makes sense to me,0
thanks for being patient with the explanation,0
this adds useful detail,0
i understand the constraints better now,0
this explanation is helpful overall,0
thanks for the clear breakdown,0
this response is constructive,0
i appreciate the calm discussion,0
this explanation addressed my concern,0
thanks for the informative reply,0
this makes things easier to understand,0
i appreciate the thoughtful explanation,0
this response was helpful and clear,0
thanks for explaining the background,0
this explanation answered my concerns,0
i appreciate the respectful exchange,0
this is useful clarification,0
thanks for the explanation given,0
this response is reasonable and clear,0
i understand your point of view,0
this explanation is logical,0
thanks for taking time to explain,0
this was a productive discussion,0
i appreciate the straightforward answer,0
this explanation added clarity,0
thanks for the helpful response,0
this makes sense in context,0
i appreciate the clear explanation,0
this response helped clarify things,0
thanks for addressing the issue,0
this explanation is helpful for understanding,0
i appreciate the informative discussion,0
this response is clear and helpful,0
thanks for explaining it clearly,0
this explanation resolved the question,0
i appreciate the calm reply,0
this was useful information,0
thanks for the detailed context,0
this explanation is sufficient,0
i appreciate the helpful clarification,0
this response was easy to understand,0
thanks for walking me through it,0
this explanation makes the situation clearer,0
i appreciate the respectful tone used,0
this response is informative and clear,0
thanks for explaining the logic,0
this explanation answered my doubts,0
i appreciate the helpful explanation,0
this response provided clarity,0
thanks for the clear explanation overall,0
this explanation is reasonable,0
i appreciate your explanation of the issue,0
this response is helpful context,0
thanks for explaining your thought process,0
this explanation clarified things,0
i appreciate the clear response,0
this response was constructive,0
thanks for being clear and respectful,0
this explanation helped a lot,0
i appreciate the thoughtful breakdown,0
this response makes sense,0
thanks for clarifying your point,0
this explanation was informative,0
i appreciate the context you provided,0
this response is helpful and reasonable,0
thanks for the calm explanation,0
this explanation makes the topic easier to follow,0
i appreciate the informative reply,0
this response answered my question well,0
thanks for taking the time to explain clearly,0
this explanation is helpful and logical,0
i appreciate the detailed clarification,0
this response was useful to read,0
thanks for explaining the situation,0
this explanation helped me understand the issue,0
i appreciate the clear and calm tone,0
this response is helpful information,0
thanks for breaking it down simply,0
this explanation makes sense overall,0
i appreciate the constructive discussion,0
this response is clear and informative,0
thanks for the helpful insight,0
this explanation addressed my confusion,0
i appreciate the respectful answer,0
this response is useful context,0
thanks for explaining it step by step,0
this explanation was helpful and clear,0
i appreciate the informative explanation,0
this response clarified the topic,0
thanks for being patient in explaining,0
this explanation is easy to understand,0
i appreciate the clear communication overall,0
this response is helpful guidance,0
thanks for explaining your perspective,0
this explanation helped clarify the issue,0
i appreciate the calm and clear reply,0
this response was informative and helpful,0
thanks for the explanation and context,0
this explanation is logical and clear,0
i appreciate the respectful explanation,0
this response helped resolve my question,0
thanks for the helpful clarification,0
this explanation makes sense now,0
i appreciate the thoughtful response,0
this response is constructive and clear,0
thanks for explaining it thoroughly,0
this explanation is sufficient for understanding,0
i appreciate the clear explanation provided,0
this response was helpful and informative,0
thanks for taking the time to explain it well,0
this explanation addressed my concerns clearly,0
i appreciate the respectful and calm reply,0
this response is useful and clear,0
thanks for explaining the reasoning behind it,0
this explanation makes the situation understandable,0
i appreciate the informative discussion overall,0
this response clarified things nicely,0
thanks for explaining it carefully,0
this explanation is helpful in context,0
i appreciate the clear and logical explanation,0
this response is reasonable and informative,0
thanks for providing the explanation,0
this explanation resolved the confusion,0
i appreciate the calm and informative reply,0
this response was easy to follow,0
thanks for explaining the details,0
this explanation is clear and sufficient,0
i appreciate the helpful and respectful answer,0
this response makes sense logically,0
thanks for the explanation and insight,0
this explanation helped clarify the matter,0
i appreciate the informative tone,0
this response is helpful and clear overall,0
thanks for explaining your reasoning clearly,0
this explanation addressed my question fully,0
i appreciate the detailed and calm reply,0
this response was constructive and informative,0
thanks for explaining it in a clear way,0
this explanation makes things clearer overall,0
i appreciate the respectful discussion tone,0
this response is helpful clarification,0
thanks for explaining the concept clearly,0
this explanation helped resolve the issue,0
i appreciate the clear and helpful response,0
bro has negative rizz and max confidence,1
npc behavior detected instantly,1
this is pure npc dialogue,1
touch grass immediately,1
go outside and log off,1
zero rizz take,1
this take is aggressively mid,1
massive L opinion,1
hold this L and move on,1
skill issue in sentence form,1
cope harder,1
cope and seethe quietly,1
this is delusional posting,1
you are confidently wrong again,1
this is loud and wrong,1
loud wrong energy,1
what a clown take,1
absolute clown behavior,1
this is cringe as hell,1
unfiltered cringe posting,1
your argument is dogwater,1
straight dogwater logic,1
this is trash tier thinking,1
dumpster fire take,1
absolute garbage opinion,1
you are talking out of your ass,1
shut the fuck up already,1
this is dumb as hell,1
that is stupid as fuck,1
you sound dumb as hell,1
are you actually this dense,1
reading this lowered the iq of the room,1
this comment gave me brain damage,1
i lost brain cells reading this,1
delete this immediately,1
log off and rethink,1
this is terminally online behavior,1
chronically online and clueless,1
you have zero media literacy,1
media literacy is in the basement,1
you missed the point entirely,1
congrats on missing the point,1
this is a masterclass in ignorance,1
ignorance speedrun any percent,1
this is misinformation cosplay,1
you are cosplaying intelligence,1
bro thinks he is him,1
you are not him,1
main character syndrome with npc stats,1
npc with main character energy,1
this is not the flex you think it is,1
you thought you cooked but burned everything,1
you are lost in the sauce,1
your logic collapsed instantly,1
mental gymnastics with no landing,1
nice gymnastics still wrong,1
this is vibes over facts,1
facts called you declined,1
this take belongs in 1950,1
posting from 1950 mentally,1
black and white tv thinking,1
this opinion fought in ww2 and lost,1
this take is stuck in 1942,1
time traveled from 1939 energy,1
museum grade ignorance,1
prehistoric logic pretending to be smart,1
outdated firmware thinking,1
your brain never updated,1
this is propaganda poster logic,1
bad history pamphlet energy,1
cold war era reasoning,1
your take aged like ration bread,1
edgy without being funny,1
dark humor with zero humor,1
this joke landed like a brick,1
making tragedy jokes does not make you clever,1
your humor is outdated and bad,1
try harder next time,1
nice try still embarrassing,1
you are exhausting,1
this is exhausting to read,1
you add nothing to the conversation,1
this adds negative value,1
waste of bandwidth,1
stop wasting everyone’s time,1
you are so far off it is funny,1
funny how wrong you are,1
pathetic attempt at a point,1
your point is a joke,1
reality check needed,1
this is unserious nonsense,1
i appreciate you taking the time to explain,0
this response helped me understand better,0
thanks for the clear explanation,0
this makes sense in context,0
i appreciate the respectful reply,0
this is useful information to have,0
thanks for clarifying the situation,0
this explanation was helpful,0
i understand your reasoning more now,0
that explanation was straightforward,0
i appreciate the calm discussion,0
this adds helpful context,0
thanks for explaining it patiently,0
this response answered my question,0
i appreciate the thoughtful explanation,0
this makes the topic clearer overall,0
thanks for breaking it down clearly,0
this explanation resolved my concern,0
i understand the issue better now,0
this response was easy to follow,0
i appreciate the detailed clarification,0
this explanation helped a lot,0
thanks for addressing this clearly,0
this is helpful clarification,0
i appreciate your perspective here,0
this explanation was informative,0
thanks for the clear reasoning,0
this response makes sense logically,0
i appreciate the constructive tone,0
this explanation was well explained,0
thanks for explaining the logic behind it,0
this response provided clarity,0
i appreciate the respectful exchange,0
this explanation answered my doubts,0
thanks for the helpful insight,0
this response was informative and clear,0
i appreciate the calm and clear reply,0
this explanation was useful to read,0
thanks for explaining the background details,0
this response helped clarify the topic,0
i appreciate the informative response,0
this explanation makes sense now,0
thanks for explaining it thoroughly,0
this response is reasonable,0
i appreciate the thoughtful reply,0
this explanation addressed my confusion,0
thanks for being clear about it,0
this response was constructive,0
i appreciate the clear explanation provided,0
this explanation was helpful overall,0
thanks for taking time to explain it well,0
this response clarified things nicely,0
i appreciate the respectful tone used,0
this explanation was logical and clear,0
thanks for the detailed response,0
this response helped resolve my question,0
i appreciate the informative discussion,0
this explanation makes the issue clearer,0
thanks for explaining your thought process,0
this response was helpful context,0
i appreciate the calm explanation overall,0
this explanation addressed my concerns clearly,0
thanks for explaining the reasoning clearly,0
this response was easy to understand,0
i appreciate the clear and helpful explanation,0
this explanation resolved the issue for me,0
thanks for explaining it step by step,0
this response was helpful guidance,0
i appreciate the respectful and calm reply,0
this explanation was sufficient,0
thanks for explaining the situation clearly,0
this response added clarity,0
i appreciate the informative explanation,0
this explanation was clear and helpful,0
thanks for clarifying your point,0
this response makes sense in context,0
i appreciate the thoughtful breakdown,0
this explanation was useful information,0
thanks for addressing the concern,0
this response was reasonable and clear,0
i appreciate the clear communication overall,0
this explanation helped clarify the matter,0
thanks for explaining the details clearly,0
this response was helpful and informative,0
i appreciate the calm and respectful reply,0
this explanation was logical,0
thanks for providing the explanation,0
this response helped me understand better,0
i appreciate the clear and direct answer,0
this explanation resolved my question,0
thanks for the informative clarification,0
this response was clear and useful,0
i appreciate the explanation and context,0
this explanation was easy to follow,0
thanks for explaining the topic clearly,0
this response helped clear things up,0
i appreciate the respectful discussion,0
this explanation was informative overall,0
thanks for the clear breakdown provided,0
this response addressed my concern well,0
i appreciate the thoughtful explanation overall,0
this explanation makes sense logically now,0
thanks for explaining the concept,0
this response was helpful clarification,0
i appreciate the calm discussion tone,0
this explanation was helpful to read,0
thanks for explaining it carefully,0
this response provided helpful context,0
i appreciate the clear explanation given,0
this explanation was reasonable,0
thanks for the helpful clarification overall,0
this response helped clarify the issue,0
i appreciate the informative and respectful reply,0
this explanation makes the situation understandable,0
thanks for explaining your reasoning patiently,0
this response was useful and clear,0
i appreciate the calm and informative explanation,0
this explanation resolved my doubts,0
thanks for explaining it in detail,0
this response was constructive and helpful,0
i appreciate the respectful answer provided,0
this explanation addressed the confusion,0
thanks for explaining the logic clearly,0
this response makes sense overall,0
i appreciate the clear explanation and tone,0
this explanation was helpful in context,0
thanks for clarifying everything,0
this response was informative and clear overall,0
i appreciate the calm and helpful reply,0
this explanation helped resolve the confusion,0
thanks for explaining your point clearly,0
this response was easy to read,0
i appreciate the thoughtful explanation here,0
this explanation addressed my concerns,0
thanks for the informative explanation,0
this response was helpful and logical,0
i appreciate the respectful communication,0
this explanation clarified things well,0
thanks for explaining the issue thoroughly,0
this response was helpful explanation,0
i appreciate the clear explanation and detail,0
this explanation makes things clearer now,0
thanks for explaining it so clearly,0
this response was informative and helpful overall,0
i appreciate the calm and respectful discussion,0
this explanation was sufficient for understanding,0
thanks for the helpful response overall,0
this response was clear and reasonable,0
i appreciate the clear and calm explanation,0
this explanation addressed my question fully,0
thanks for explaining the reasoning behind it,0
this response was helpful context to know,0
i appreciate the thoughtful and calm reply,0
this explanation helped clarify the topic,0
thanks for the explanation and detail,0
this response was informative and clear enough,0
i appreciate the respectful explanation overall,0
this explanation resolved the matter for me,0
thanks for explaining it patiently,0
this response was useful clarification,0
i appreciate the informative tone used,0
this explanation was logical and helpful,0
thanks for explaining the details thoroughly,0
this response helped clear the confusion,0
i appreciate the clear explanation overall,0
this explanation was helpful and understandable,0
thanks for explaining the issue clearly,0
this response was constructive and informative,0
i appreciate the calm explanation and tone,0
this explanation addressed the issue clearly,0
thanks for the clear and helpful explanation,0
this response was informative and logical,0
i appreciate the respectful and clear reply,0
this explanation helped resolve the issue,0
thanks for explaining the concept clearly,0
this response was helpful information overall,0
i appreciate the calm and thoughtful explanation,0
this explanation clarified my understanding,0
thanks for explaining everything clearly,0
this response was helpful and easy to follow,0
i appreciate the clear explanation provided,0
this explanation was informative and useful,0
thanks for explaining the reasoning step by step,0
this response was constructive guidance,0
i appreciate the respectful discussion overall,0
this explanation made the topic clearer,0
thanks for explaining your reasoning so clearly,0
this response was helpful and informative,0
i appreciate the calm and logical reply,0
this explanation addressed my question well,0
thanks for explaining it in a clear way,0
this response was helpful explanation overall,0
i appreciate the thoughtful and clear response,0
this explanation helped clarify everything,0
thanks for explaining the background clearly,0
this response was informative and respectful,0
i appreciate the calm and clear explanation,0
this explanation resolved my confusion fully,0
thanks for the clear explanation and context,0
bro has zero rizz and infinite confidence,1
npc behavior goes crazy here,1
this is full npc dialogue,1
touch grass immediately bro,1
go touch grass and log off,1
absolute zero rizz energy,1
this take is aggressively mid,1
massive L take honestly,1
hold the L and move on,1
skill issue in paragraph form,1
cope harder than this,1
cope and seethe quietly,1
this is delusion posting,1
you are confidently wrong again,1
this is loud wrong behavior,1
loud and wrong for free,1
what a clown opinion,1
full clown mode activated,1
this is cringe on another level,1
pure unfiltered cringe,1
your logic is dogwater,1
straight dogwater take,1
trash tier reasoning,1
dumpster fire opinion,1
absolute garbage take,1
you are talking out of your ass again,1
shut the fuck up already,1
this is dumb as hell,1
that is stupid as fuck,1
you sound dumb as hell,1
are you actually this dense,1
reading this lowered the room iq,1
this comment caused brain damage,1
i lost brain cells reading this,1
delete this immediately,1
log off and reflect,1
this is terminally online behavior,1
chronically online and clueless,1
zero media literacy detected,1
media literacy is underground,1
you missed the point completely,1
congrats on missing the point again,1
this is a masterclass in ignorance,1
ignorance speedrun world record,1
this is misinformation cosplay,1
you are cosplaying intelligence,1
bro thinks he is him again,1
you are not him at all,1
main character syndrome with npc stats,1
npc energy with main character delusion,1
this is not the flex you think,1
you thought you cooked but burned everything,1
lost in the sauce completely,1
your logic fell apart instantly,1
mental gymnastics with no landing,1
nice gymnastics still wrong,1
this is vibes over facts again,1
facts called you declined,1
this take belongs in 1950,1
posting from 1950 mentally,1
black and white tv mindset,1
this opinion fought in ww2 and lost,1
this take is stuck in 1942,1
time traveler from 1939 detected,1
museum grade ignorance detected,1
prehistoric logic pretending to be smart,1
outdated firmware thinking,1
your brain never updated,1
this is propaganda poster logic,1
bad history pamphlet energy,1
cold war era reasoning,1
your take aged like ration bread,1
edgy without being funny,1
dark humor with zero humor,1
this joke landed like a brick,1
making tragedy jokes is not clever,1
your humor is outdated and bad,1
try harder next time,1
nice try still embarrassing,1
you are exhausting to read,1
this is exhausting content,1
you add nothing to the conversation,1
this adds negative value,1
waste of bandwidth honestly,1
stop wasting everyone’s time,1
you are so wrong it is funny,1
funny how wrong you are,1
pathetic attempt at a point,1
your point is a joke,1
reality check needed badly,1
this is unserious nonsense,1
thanks for explaining your reasoning clearly,0
this explanation was helpful to read,0
i understand your point much better now,0
that sounds reasonable in this context,0
i appreciate the clear explanation,0
this adds helpful context to the discussion,0
thanks for breaking this down,0
i see where you are coming from now,0
this explanation clarified the issue,0
i appreciate the calm response,0
this makes sense given the situation,0
thanks for the detailed explanation,0
this was helpful information,0
i understand the reasoning behind this,0
that explanation answered my question,0
i appreciate the respectful tone,0
this response was informative and clear,0
thanks for taking time to explain,0
this explanation helped clear things up,0
i understand your perspective better,0
this is useful context to know,0
thanks for the clarification,0
this explanation makes sense logically,0
i appreciate the thoughtful reply,0
this response was easy to follow,0
thanks for explaining it step by step,0
this clarified the topic for me,0
i appreciate the constructive explanation,0
this response addressed my concern,0
thanks for explaining the background,0
this explanation is helpful overall,0
i appreciate the clear communication,0
this response was helpful and reasonable,0
thanks for the insight provided,0
this explanation resolved my confusion,0
i understand the issue more clearly now,0
this was a useful explanation,0
thanks for being clear about it,0
this explanation answered my concerns,0
i appreciate the informative reply,0
this makes the situation clearer,0
thanks for explaining the logic,0
this explanation is straightforward,0
i appreciate the calm discussion,0
this response was constructive,0
thanks for the detailed clarification,0
this explanation helped me understand better,0
i appreciate the respectful exchange,0
this response is clear and helpful,0
thanks for walking me through it,0
this explanation makes sense in context,0
i appreciate the thoughtful explanation,0
this response was informative,0
thanks for explaining it clearly,0
this explanation added clarity,0
i appreciate the helpful guidance,0
this response answered my question well,0
thanks for addressing the issue,0
this explanation is logical and clear,0
i appreciate the clear response,0
this response was helpful context,0
thanks for explaining the situation,0
this explanation helped resolve the issue,0
i appreciate the calm and clear reply,0
this response was easy to understand,0
thanks for the informative explanation,0
this explanation clarified things nicely,0
i appreciate the respectful communication,0
this response was helpful clarification,0
thanks for explaining your thought process,0
this explanation makes things clearer now,0
i appreciate the detailed response,0
this response was reasonable,0
thanks for explaining it thoroughly,0
this explanation was helpful to read,0
i appreciate the constructive tone,0
this response helped clarify the matter,0
thanks for explaining the reasoning clearly,0
this explanation resolved my question,0
i appreciate the informative discussion,0
this response was helpful and clear overall,0
thanks for explaining it patiently,0
this explanation addressed my concerns,0
i appreciate the clear explanation provided,0
this response makes sense logically now,0
thanks for explaining the details clearly,0
this explanation helped me understand the topic,0
i appreciate the calm explanation overall,0
this response was informative and useful,0
thanks for explaining the background clearly,0
this explanation addressed the confusion,0
i appreciate the respectful reply,0
this response was helpful guidance,0
thanks for explaining your reasoning so clearly,0
this explanation was logical,0
i appreciate the clear and calm response,0
this response was useful to read,0
thanks for explaining it carefully,0
this explanation clarified my understanding,0
i appreciate the thoughtful response,0
this response was constructive and informative,0
thanks for explaining the logic behind it,0
this explanation helped resolve my doubts,0
i appreciate the informative tone,0
this response was helpful context to know,0
thanks for explaining the concept clearly,0
this explanation makes sense overall,0
i appreciate the clear explanation and detail,0
this response was informative and clear enough,0
thanks for explaining the issue thoroughly,0
this explanation helped clarify everything,0
i appreciate the calm and respectful discussion,0
this response was helpful explanation overall,0
thanks for explaining your perspective clearly,0
this explanation addressed my question fully,0
i appreciate the clear communication overall,0
this response was easy to follow,0
thanks for the helpful explanation,0
this explanation resolved the matter for me,0
i appreciate the informative reply overall,0
this response was helpful and logical,0
thanks for explaining it in a clear way,0
this explanation helped me understand the issue,0
i appreciate the respectful discussion tone,0
this response was informative and helpful overall,0
thanks for explaining everything clearly,0
this explanation made the topic clearer,0
i appreciate the calm and logical reply,0
this response was constructive guidance,0
thanks for explaining the reasoning behind it,0
this explanation clarified the issue well,0
i appreciate the thoughtful and calm response,0
this response was helpful clarification overall,0
thanks for explaining it step by step,0
this explanation addressed my confusion fully,0
i appreciate the clear and helpful reply,0
this response was informative and respectful,0
thanks for explaining the details thoroughly,0
this explanation helped resolve the confusion,0
i appreciate the calm explanation and tone,0
this response was useful clarification,0
thanks for explaining the concept in detail,0
this explanation was logical and helpful,0
i appreciate the clear explanation overall,0
this response was informative and logical,0
thanks for explaining the issue clearly,0
this explanation clarified my understanding completely,0
i appreciate the respectful and calm reply,0
this response was helpful information overall,0
thanks for explaining the reasoning step by step,0
this explanation helped resolve the issue clearly,0
i appreciate the informative discussion overall,0
this response was helpful and easy to understand,0
thanks for explaining your reasoning patiently,0
this explanation addressed my concerns clearly,0
i appreciate the thoughtful explanation here,0
this response was constructive and helpful,0
thanks for explaining the background details clearly,0
this explanation clarified everything for me,0
i appreciate the calm and helpful explanation,0
this response was informative and clear overall,0
thanks for explaining the topic clearly,0
this explanation helped clarify the topic,0
i appreciate the respectful and informative reply,0
this response was helpful guidance overall,0
thanks for explaining your point clearly,0
this explanation resolved my confusion fully,0
i appreciate the clear and calm response,0
this response was informative and logical enough,0
thanks for explaining the situation thoroughly,0
this explanation helped clarify the matter,0
i appreciate the thoughtful and clear explanation,0
this response was helpful and informative,0
thanks for explaining it clearly and calmly,0
this explanation addressed the issue well,0
i appreciate the informative and respectful reply,0
this response was helpful context overall,0
thanks for explaining the reasoning clearly,0
this explanation helped resolve the matter,0
i appreciate the clear explanation provided here,0
this response was constructive and clear,0
thanks for explaining everything so clearly,0
this explanation clarified the issue nicely,0
i appreciate the calm and respectful discussion,0
this response was helpful clarification,0
thanks for explaining your logic clearly,0
this explanation helped clear the confusion,0
i appreciate the informative explanation overall,0
this response was helpful and logical,0
thanks for explaining it in detail,0
this explanation resolved my question fully,0
i appreciate the thoughtful and calm reply,0
this response was informative and useful overall,0
thanks for explaining the concept thoroughly,0
this explanation clarified my understanding well,0
i appreciate the respectful communication overall,0
this response was helpful explanation,0
thanks for explaining the reasoning patiently,0
this explanation helped resolve the confusion clearly,0
i appreciate the calm and clear explanation,0
this response was informative and helpful overall,0
thanks for explaining your thought process clearly,0
this explanation clarified everything nicely,0
i appreciate the informative and calm reply,0
this response was helpful and clear overall,0
bro has zero rizz and negative aura,1
npc behavior on full display again,1
this is pure npc dialogue energy,1
touch grass immediately my guy,1
go outside and reconnect with reality,1
absolutely zero rizz detected,1
this take is aggressively mid at best,1
massive L take honestly,1
hold this L with pride,1
skill issue in full paragraph form,1
cope harder than this,1
cope and seethe quietly please,1
this is delusional posting behavior,1
you are confidently wrong yet again,1
this is loud wrong content,1
loud and wrong for no reason,1
what a clown opinion honestly,1
full clown mode activated,1
this is cringe on a cosmic level,1
pure unfiltered cringe content,1
your logic is dogwater tier,1
straight dogwater reasoning,1
trash tier thought process,1
dumpster fire of a take,1
absolute garbage opinion posted confidently,1
you are talking out of your ass again,1
shut the fuck up already,1
this is dumb as hell,1
that is stupid as fuck,1
you sound dumb as hell right now,1
are you actually this dense,1
reading this lowered the iq of the room,1
this comment caused brain damage,1
i lost brain cells reading this,1
delete this immediately please,1
log off and rethink everything,1
this is terminally online behavior,1
chronically online and still clueless,1
zero media literacy detected,1
media literacy is underground,1
you missed the point entirely again,1
congrats on missing the point,1
this is a masterclass in ignorance,1
ignorance speedrun any percent,1
this is misinformation cosplay,1
you are cosplaying intelligence badly,1
bro thinks he is him again,1
you are not him at all,1
main character syndrome with npc stats,1
npc energy with main character delusion,1
this is not the flex you think it is,1
you thought you cooked but burned everything,1
lost in the sauce completely,1
your logic collapsed instantly,1
mental gymnastics with no landing,1
nice gymnastics still wrong,1
this is vibes over facts again,1
facts called you declined,1
this take belongs in 1950,1
posting from 1950 mentally,1
black and white tv mindset detected,1
this opinion fought in ww2 and lost,1
this take is stuck in 1942,1
time traveler from 1939 detected,1
museum grade ignorance detected,1
prehistoric logic pretending to be smart,1
outdated firmware thinking again,1
your brain never updated past beta,1
this is propaganda poster logic,1
bad history pamphlet energy,1
cold war era reasoning detected,1
your take aged like ration bread,1
edgy without being funny,1
dark humor with zero humor,1
this joke landed like a brick,1
making tragedy jokes is not clever,1
your humor is outdated and bad,1
try harder next time please,1
nice try still embarrassing,1
you are exhausting to read,1
this is exhausting content overall,1
you add nothing to the conversation,1
this adds negative value overall,1
waste of bandwidth honestly,1
stop wasting everyone’s time,1
you are so wrong it is funny,1
funny how wrong you are,1
pathetic attempt at a point,1
your point is a joke,1
reality check needed badly,1
this is unserious nonsense,1
